codd,model,dependent_variable,term,b,std_error,beta,t,sig,tolerance,vif
1,1,ln_sppsf,(Constant),4.316,0.022,,194.435,0.001,,
1,1,ln_sppsf,SMALLEST,0.065,0.039,0.038,1.675,0.094,,
1,1,ln_sppsf,GOOD,0.184,0.067,0.057,2.743,0.006,,
1,1,ln_sppsf,FAIR,-0.211,0.028,-0.161,-7.64,0.001,,
1,1,ln_sppsf,POOR,-0.541,0.079,-0.145,-6.847,0.001,,
1,1,ln_sppsf,UNSOUND,-0.586,0.201,-0.061,-2.909,0.004,,
1,1,ln_sppsf,QABOVE_AVG,0.369,0.143,0.054,2.583,0.01,,
1,1,ln_sppsf,YB_1910_TO_1929,-0.171,0.032,-0.122,-5.334,0.001,,
1,1,ln_sppsf,YB_1930_TO_1945,-0.085,0.024,-0.088,-3.606,0.001,,
1,1,ln_sppsf,CRAWL,-0.326,0.082,-0.085,-3.999,0.001,,
1,1,ln_sppsf,SLAB,-0.184,0.081,-0.048,-2.263,0.024,,
1,1,ln_sppsf,LN_GARAGESPACES,0.06,0.031,0.041,1.913,0.056,,
1,1,ln_sppsf,FIREPLACE,0.075,0.022,0.079,3.342,0.001,,
1,1,ln_sppsf,CENTRAL_AIR,0.069,0.025,0.058,2.702,0.007,,
1,1,ln_sppsf,MONTHS_10TO18,0.017,0.003,0.141,6.739,0.001,,
1,2,ln_price,(Constant),11.354,0.028,,398.798,0.001,,
1,2,ln_price,LN_LANDRATIO,0.222,0.044,0.097,5.056,0.001,,
1,2,ln_price,LN_BASE_BLDGSIZE_RATIO,0.48,0.145,0.225,3.315,0.001,,
1,2,ln_price,SMALLEST,-0.116,0.069,-0.058,-1.676,0.094,,
1,2,ln_price,SMALL,-0.085,0.038,-0.064,-2.266,0.024,,
1,2,ln_price,LARGE,0.094,0.043,0.077,2.215,0.027,,
1,2,ln_price,LARGEST,0.217,0.079,0.113,2.74,0.006,,
1,2,ln_price,TWO_BATHS,0.146,0.076,0.045,1.928,0.054,,
1,2,ln_price,GOOD,0.19,0.067,0.051,2.819,0.005,,
1,2,ln_price,FAIR,-0.205,0.028,-0.136,-7.463,0.001,,
1,2,ln_price,POOR,-0.538,0.079,-0.125,-6.832,0.001,,
1,2,ln_price,UNSOUND,-0.541,0.201,-0.048,-2.694,0.007,,
1,2,ln_price,QABOVE_AVG,0.317,0.148,0.04,2.146,0.032,,
1,2,ln_price,QBELOW_AVG,-0.056,0.025,-0.049,-2.217,0.027,,
1,2,ln_price,YB_1910_TO_1929,-0.179,0.033,-0.11,-5.363,0.001,,
1,2,ln_price,YB_1930_TO_1945,-0.091,0.024,-0.08,-3.848,0.001,,
1,2,ln_price,CRAWL,-0.329,0.081,-0.074,-4.039,0.001,,
1,2,ln_price,SLAB,-0.22,0.081,-0.05,-2.716,0.007,,
1,2,ln_price,FIREPLACE,0.085,0.026,0.078,3.257,0.001,,
1,2,ln_price,CENTRAL_AIR,0.072,0.025,0.052,2.819,0.005,,
1,2,ln_price,MONTHS_10TO18,0.018,0.003,0.126,7.001,0.001,,
1,3,ln_price,(Constant),11.285,0.027,,416.98,0.001,,
1,3,ln_price,LN_BASE_BLDGSIZE_RATIO,0.761,0.052,0.357,14.634,0.001,0.454,2.201
1,3,ln_price,HALF_DUPLEX1STORY,-0.408,0.171,-0.04,-2.382,0.017,0.96,1.042
1,3,ln_price,HALF_DUPLEX2STORY,-0.454,0.241,-0.032,-1.884,0.06,0.968,1.033
1,3,ln_price,GOOD,0.18,0.063,0.048,2.871,0.004,0.955,1.047
1,3,ln_price,FAIR,-0.163,0.026,-0.108,-6.333,0.001,0.937,1.067
1,3,ln_price,POOR,-0.418,0.073,-0.097,-5.706,0.001,0.938,1.066
1,3,ln_price,UNSOUND,-0.404,0.186,-0.036,-2.176,0.03,0.982,1.019
1,3,ln_price,QBELOW_AVG,-0.065,0.024,-0.058,-2.661,0.008,0.579,1.727
1,3,ln_price,YB_1910_TO_1929,-0.107,0.032,-0.066,-3.344,0.001,0.693,1.443
1,3,ln_price,YB_1930_TO_1945,-0.055,0.023,-0.049,-2.42,0.016,0.665,1.504
1,3,ln_price,CRAWL,-0.174,0.083,-0.039,-2.088,0.037,0.774,1.291
1,3,ln_price,SLAB,-0.16,0.077,-0.036,-2.087,0.037,0.913,1.095
1,3,ln_price,LN_GARAGESPACES,0.05,0.03,0.029,1.67,0.095,0.908,1.101
1,3,ln_price,FIREPLACE,0.042,0.025,0.038,1.694,0.09,0.527,1.897
1,3,ln_price,CENTRAL_AIR,0.049,0.024,0.036,2.084,0.037,0.925,1.081
1,3,ln_price,ECF1R101,0.216,0.092,0.039,2.345,0.019,0.958,1.044
1,3,ln_price,ECF1R103,0.287,0.058,0.087,4.959,0.001,0.877,1.14
1,3,ln_price,ECF1R104,0.189,0.038,0.092,4.91,0.001,0.774,1.292
1,3,ln_price,ECF1R108,-0.103,0.046,-0.039,-2.256,0.024,0.885,1.13
1,3,ln_price,ECF1R109,0.108,0.036,0.054,3.013,0.003,0.854,1.17
1,3,ln_price,ECF1R110,0.155,0.057,0.046,2.693,0.007,0.924,1.082
1,3,ln_price,ECF1R112,0.217,0.077,0.049,2.815,0.005,0.903,1.108
1,3,ln_price,ECF1R113,-0.328,0.076,-0.074,-4.333,0.001,0.931,1.074
1,3,ln_price,ECF1R115,0.299,0.072,0.07,4.126,0.001,0.934,1.071
1,3,ln_price,ECF1R116,0.472,0.052,0.166,9.067,0.001,0.81,1.234
1,3,ln_price,ECF1R117,0.139,0.043,0.058,3.212,0.001,0.823,1.215
1,3,ln_price,ECF1R119,-0.117,0.061,-0.033,-1.914,0.056,0.936,1.069
1,3,ln_price,ECF1R120,0.208,0.071,0.05,2.933,0.003,0.946,1.057
1,3,ln_price,ECF1R121,0.095,0.045,0.038,2.127,0.034,0.851,1.175
1,3,ln_price,ECF1R122,-0.137,0.05,-0.048,-2.747,0.006,0.89,1.124
1,3,ln_price,ECF1R124,-0.339,0.114,-0.056,-2.967,0.003,0.768,1.302
1,3,ln_price,ECF1R126,0.503,0.051,0.176,9.931,0.001,0.865,1.155
1,3,ln_price,ECF1R128,-0.283,0.051,-0.097,-5.512,0.001,0.877,1.14
1,3,ln_price,ECF1R130,-0.558,0.297,-0.032,-1.878,0.06,0.955,1.047
1,3,ln_price,ECF1R132,0.244,0.068,0.061,3.584,0.001,0.931,1.075
1,3,ln_price,ECF1R134,0.43,0.079,0.092,5.44,0.001,0.943,1.061
1,3,ln_price,ECF1R137,-0.596,0.096,-0.104,-6.192,0.001,0.966,1.035
1,3,ln_price,MONTHS_10TO18,0.018,0.002,0.127,7.62,0.001,0.978,1.023
1,4,ln_price,(Constant),11.288,0.024,,467.018,0.001,,
1,4,ln_price,LN_BASE_BLDGSIZE_RATIO,0.775,0.047,0.387,16.508,0.001,0.493,2.03
1,4,ln_price,LARGE,0.048,0.022,0.041,2.116,0.035,0.705,1.419
1,4,ln_price,GOOD,0.26,0.062,0.071,4.233,0.001,0.959,1.043
1,4,ln_price,FAIR,-0.174,0.024,-0.121,-7.191,0.001,0.949,1.054
1,4,ln_price,POOR,-0.477,0.088,-0.09,-5.394,0.001,0.97,1.031
1,4,ln_price,QBELOW_AVG,-0.071,0.022,-0.068,-3.151,0.002,0.588,1.7
1,4,ln_price,YB_1910_TO_1929,-0.113,0.03,-0.074,-3.768,0.001,0.699,1.431
1,4,ln_price,YB_1930_TO_1945,-0.045,0.021,-0.043,-2.207,0.027,0.701,1.426
1,4,ln_price,LN_GARAGESPACES,0.057,0.028,0.035,2.061,0.039,0.919,1.088
1,4,ln_price,CENTRAL_AIR,0.071,0.022,0.055,3.243,0.001,0.925,1.081
1,4,ln_price,ECF1R101,0.242,0.097,0.042,2.496,0.013,0.969,1.032
1,4,ln_price,ECF1R103,0.309,0.053,0.102,5.836,0.001,0.887,1.128
1,4,ln_price,ECF1R104,0.187,0.035,0.101,5.407,0.001,0.775,1.29
1,4,ln_price,ECF1R108,-0.086,0.044,-0.034,-1.956,0.051,0.897,1.114
1,4,ln_price,ECF1R109,0.114,0.033,0.062,3.481,0.001,0.858,1.166
1,4,ln_price,ECF1R110,0.183,0.052,0.06,3.494,0.001,0.922,1.085
1,4,ln_price,ECF1R112,0.278,0.079,0.059,3.499,0.001,0.943,1.061
1,4,ln_price,ECF1R113,-0.348,0.087,-0.068,-4.007,0.001,0.95,1.053
1,4,ln_price,ECF1R115,0.386,0.071,0.092,5.444,0.001,0.94,1.063
1,4,ln_price,ECF1R116,0.478,0.047,0.187,10.101,0.001,0.788,1.269
1,4,ln_price,ECF1R117,0.144,0.039,0.066,3.678,0.001,0.834,1.199
1,4,ln_price,ECF1R119,-0.115,0.063,-0.031,-1.821,0.069,0.953,1.05
1,4,ln_price,ECF1R120,0.256,0.068,0.063,3.755,0.001,0.956,1.046
1,4,ln_price,ECF1R121,0.098,0.04,0.043,2.427,0.015,0.868,1.152
1,4,ln_price,ECF1R122,-0.144,0.047,-0.054,-3.089,0.002,0.896,1.116
1,4,ln_price,ECF1R124,-0.346,0.132,-0.044,-2.625,0.009,0.975,1.026
1,4,ln_price,ECF1R126,0.515,0.046,0.197,11.185,0.001,0.872,1.147
1,4,ln_price,ECF1R128,-0.27,0.048,-0.098,-5.621,0.001,0.891,1.122
1,4,ln_price,ECF1R132,0.194,0.063,0.052,3.071,0.002,0.937,1.067
1,4,ln_price,ECF1R134,0.466,0.073,0.107,6.387,0.001,0.955,1.048
1,4,ln_price,ECF1R137,-0.653,0.112,-0.097,-5.828,0.001,0.983,1.017
1,4,ln_price,MONTHS_10TO18,0.017,0.002,0.13,7.827,0.001,0.983,1.017
1,5,ln_tasp,(Constant),11.443,0.022,,513.953,0.001,,
1,5,ln_tasp,LN_BASE_BLDGSIZE_RATIO,0.775,0.047,0.39,16.534,0.001,0.494,2.026
1,5,ln_tasp,LARGE,0.047,0.022,0.042,2.115,0.035,0.706,1.417
1,5,ln_tasp,GOOD,0.26,0.062,0.072,4.236,0.001,0.959,1.043
1,5,ln_tasp,FAIR,-0.174,0.024,-0.122,-7.196,0.001,0.951,1.052
1,5,ln_tasp,POOR,-0.477,0.088,-0.091,-5.398,0.001,0.972,1.029
1,5,ln_tasp,QBELOW_AVG,-0.071,0.022,-0.068,-3.151,0.002,0.589,1.699
1,5,ln_tasp,YB_1910_TO_1929,-0.113,0.03,-0.075,-3.769,0.001,0.699,1.43
1,5,ln_tasp,YB_1930_TO_1945,-0.045,0.021,-0.044,-2.207,0.027,0.701,1.426
1,5,ln_tasp,LN_GARAGESPACES,0.057,0.028,0.036,2.06,0.04,0.92,1.088
1,5,ln_tasp,CENTRAL_AIR,0.071,0.022,0.056,3.243,0.001,0.925,1.081
1,5,ln_tasp,ECF1R101,0.241,0.097,0.042,2.496,0.013,0.97,1.031
1,5,ln_tasp,ECF1R103,0.309,0.053,0.103,5.839,0.001,0.887,1.128
1,5,ln_tasp,ECF1R104,0.187,0.035,0.102,5.408,0.001,0.775,1.29
1,5,ln_tasp,ECF1R108,-0.086,0.044,-0.034,-1.957,0.051,0.897,1.114
1,5,ln_tasp,ECF1R109,0.114,0.033,0.062,3.483,0.001,0.858,1.166
1,5,ln_tasp,ECF1R110,0.183,0.052,0.06,3.496,0.001,0.922,1.085
1,5,ln_tasp,ECF1R112,0.278,0.079,0.06,3.499,0.001,0.943,1.061
1,5,ln_tasp,ECF1R113,-0.348,0.087,-0.068,-4.009,0.001,0.95,1.052
1,5,ln_tasp,ECF1R115,0.386,0.071,0.093,5.447,0.001,0.941,1.063
1,5,ln_tasp,ECF1R116,0.478,0.047,0.189,10.103,0.001,0.788,1.269
1,5,ln_tasp,ECF1R117,0.144,0.039,0.067,3.679,0.001,0.834,1.199
1,5,ln_tasp,ECF1R119,-0.115,0.063,-0.031,-1.822,0.069,0.953,1.05
1,5,ln_tasp,ECF1R120,0.256,0.068,0.064,3.759,0.001,0.957,1.045
1,5,ln_tasp,ECF1R121,0.098,0.04,0.043,2.431,0.015,0.869,1.151
1,5,ln_tasp,ECF1R122,-0.144,0.047,-0.054,-3.09,0.002,0.896,1.116
1,5,ln_tasp,ECF1R124,-0.346,0.132,-0.044,-2.625,0.009,0.975,1.026
1,5,ln_tasp,ECF1R126,0.515,0.046,0.199,11.188,0.001,0.872,1.147
1,5,ln_tasp,ECF1R128,-0.271,0.048,-0.099,-5.632,0.001,0.893,1.12
1,5,ln_tasp,ECF1R132,0.194,0.063,0.053,3.071,0.002,0.937,1.067
1,5,ln_tasp,ECF1R134,0.466,0.073,0.108,6.39,0.001,0.955,1.047
1,5,ln_tasp,ECF1R137,-0.653,0.112,-0.097,-5.83,0.001,0.984,1.017
1,6,ln_tasp,(Constant),9.338,0.159,,58.823,0.001,,
1,6,ln_tasp,LN_LANDRATIO,0.083,0.038,0.037,2.188,0.029,0.701,1.426
1,6,ln_tasp,LNSBLDSFINT,0.312,0.026,0.305,12.14,0.001,0.312,3.205
1,6,ln_tasp,HALF_DUPLEX2STORY,-0.383,0.196,-0.028,-1.95,0.051,0.986,1.014
1,6,ln_tasp,LARGE,0.071,0.026,0.057,2.762,0.006,0.455,2.199
1,6,ln_tasp,LARGEST,0.121,0.042,0.06,2.857,0.004,0.447,2.237
1,6,ln_tasp,GOOD,0.211,0.06,0.051,3.542,0.001,0.965,1.037
1,6,ln_tasp,FAIR,-0.134,0.021,-0.094,-6.433,0.001,0.928,1.077
1,6,ln_tasp,POOR,-0.246,0.063,-0.056,-3.907,0.001,0.97,1.031
1,6,ln_tasp,QABOVE_AVG,0.23,0.129,0.026,1.787,0.074,0.92,1.087
1,6,ln_tasp,QBELOW_AVG,-0.055,0.02,-0.051,-2.778,0.006,0.575,1.74
1,6,ln_tasp,YB_1910_TO_1929,-0.103,0.027,-0.066,-3.798,0.001,0.659,1.518
1,6,ln_tasp,YB_1930_TO_1945,-0.058,0.019,-0.053,-2.979,0.003,0.631,1.584
1,6,ln_tasp,CRAWL,-0.155,0.064,-0.038,-2.434,0.015,0.789,1.267
1,6,ln_tasp,SLAB,-0.229,0.068,-0.056,-3.392,0.001,0.72,1.388
1,6,ln_tasp,GARAGE,0.097,0.018,0.082,5.512,0.001,0.879,1.138
1,6,ln_tasp,FIREPLACE,0.06,0.021,0.056,2.911,0.004,0.537,1.861
1,6,ln_tasp,WALL,0.183,0.099,0.032,1.854,0.064,0.682,1.467
1,6,ln_tasp,CENTRAL_AIR,0.065,0.021,0.046,3.144,0.002,0.915,1.093
1,6,ln_tasp,ECF1R101,0.267,0.082,0.047,3.25,0.001,0.947,1.056
1,6,ln_tasp,ECF1R103,0.338,0.051,0.1,6.593,0.001,0.858,1.166
1,6,ln_tasp,ECF1R104,0.199,0.032,0.103,6.286,0.001,0.735,1.361
1,6,ln_tasp,ECF1R108,-0.098,0.037,-0.04,-2.661,0.008,0.861,1.161
1,6,ln_tasp,ECF1R109,0.14,0.03,0.072,4.679,0.001,0.822,1.216
1,6,ln_tasp,ECF1R110,0.206,0.05,0.062,4.137,0.001,0.862,1.16
1,6,ln_tasp,ECF1R112,0.226,0.062,0.055,3.661,0.001,0.882,1.134
1,6,ln_tasp,ECF1R113,-0.292,0.069,-0.062,-4.26,0.001,0.934,1.07
1,6,ln_tasp,ECF1R115,0.374,0.072,0.076,5.228,0.001,0.936,1.069
1,6,ln_tasp,ECF1R116,0.466,0.049,0.151,9.488,0.001,0.772,1.295
1,6,ln_tasp,ECF1R117,0.155,0.037,0.067,4.199,0.001,0.763,1.311
1,6,ln_tasp,ECF1R119,-0.111,0.052,-0.031,-2.154,0.031,0.925,1.081
1,6,ln_tasp,ECF1R120,0.223,0.065,0.05,3.461,0.001,0.926,1.08
1,6,ln_tasp,ECF1R121,0.115,0.038,0.047,3.033,0.002,0.834,1.199
1,6,ln_tasp,ECF1R122,-0.117,0.042,-0.042,-2.805,0.005,0.871,1.148
1,6,ln_tasp,ECF1R124,-0.293,0.089,-0.05,-3.276,0.001,0.833,1.2
1,6,ln_tasp,ECF1R125,0.148,0.07,0.03,2.127,0.033,0.958,1.044
1,6,ln_tasp,ECF1R126,0.519,0.047,0.166,10.927,0.001,0.857,1.167
1,6,ln_tasp,ECF1R127,-0.113,0.06,-0.028,-1.873,0.061,0.91,1.098
1,6,ln_tasp,ECF1R128,-0.228,0.039,-0.092,-5.865,0.001,0.796,1.256
1,6,ln_tasp,ECF1R129,0.107,0.051,0.031,2.072,0.038,0.867,1.154
1,6,ln_tasp,ECF1R130,-0.419,0.203,-0.03,-2.065,0.039,0.921,1.086
1,6,ln_tasp,ECF1R132,0.193,0.062,0.045,3.1,0.002,0.923,1.083
1,6,ln_tasp,ECF1R134,0.459,0.072,0.094,6.407,0.001,0.906,1.104
1,6,ln_tasp,ECF1R137,-0.52,0.071,-0.108,-7.365,0.001,0.907,1.102
2,1,ln_sppsf,(Constant),3.52,0.134,,26.177,0.001,,
2,1,ln_sppsf,ARTERIAL,0.345,0.136,0.133,2.536,0.012,,
2,1,ln_sppsf,SINGLE_FAMILY2STORY,0.011,0.078,0.009,0.14,0.889,,
2,1,ln_sppsf,HALF_DUPLEX1STORY,-0.593,0.274,-0.113,-2.167,0.031,,
2,1,ln_sppsf,HALF_DUPLEX2STORY,-0.157,0.365,-0.021,-0.429,0.668,,
2,1,ln_sppsf,SMALLEST,0.118,0.132,0.054,0.898,0.37,,
2,1,ln_sppsf,SMALL,0.097,0.102,0.06,0.957,0.339,,
2,1,ln_sppsf,LARGE,0.095,0.089,0.078,1.065,0.288,,
2,1,ln_sppsf,LARGEST,0.178,0.139,0.123,1.286,0.199,,
2,1,ln_sppsf,TWO_BATHS,0.01,0.162,0.005,0.062,0.951,,
2,1,ln_sppsf,THREE_PLUS_BATHS,0.168,0.242,0.045,0.693,0.489,,
2,1,ln_sppsf,POWDER_ROOM,-0.042,0.086,-0.033,-0.488,0.626,,
2,1,ln_sppsf,QABOVE_AVG,0.456,0.124,0.239,3.673,0.001,,
2,1,ln_sppsf,QBELOW_AVG,0.075,0.096,0.061,0.784,0.434,,
2,1,ln_sppsf,QPOOR,0.205,0.504,0.02,0.406,0.685,,
2,1,ln_sppsf,YB_PRE_1929,-0.166,0.084,-0.133,-1.977,0.049,,
2,1,ln_sppsf,YB_1946_TO_1960,0.02,0.074,0.016,0.271,0.787,,
2,1,ln_sppsf,YB_1961_TO_1990,-0.216,0.304,-0.036,-0.71,0.478,,
2,1,ln_sppsf,CRAWL,-0.157,0.301,-0.026,-0.519,0.604,,
2,1,ln_sppsf,SLAB,0.055,0.255,0.011,0.217,0.828,,
2,1,ln_sppsf,LN_GARAGESPACES,-0.024,0.105,-0.012,-0.229,0.819,,
2,1,ln_sppsf,FIREPLACE,0.217,0.071,0.188,3.058,0.002,,
2,1,ln_sppsf,HOT_WATER,0.027,0.096,0.017,0.278,0.781,,
2,1,ln_sppsf,CENTRAL_AIR,0.092,0.072,0.066,1.268,0.206,,
2,1,ln_sppsf,MONTHS_1TO18,0.035,0.007,0.339,5.355,0.001,,
2,1,ln_sppsf,MONTHS_19TO24,-0.014,0.019,-0.047,-0.735,0.463,,
2,2,ln_price,(Constant),11.309,0.036,,315.764,0.001,,
2,2,ln_price,LN_LANDRATIO,0.255,0.054,0.099,4.712,0.001,,
2,2,ln_price,LN_BASE_BLDGSIZE_RATIO,0.665,0.082,0.323,8.065,0.001,,
2,2,ln_price,HALF_DUPLEX1STORY,-0.741,0.161,-0.08,-4.597,0.001,,
2,2,ln_price,HALF_DUPLEX2STORY,-0.38,0.162,-0.041,-2.349,0.019,,
2,2,ln_price,TWO_BATHS,0.162,0.062,0.069,2.607,0.009,,
2,2,ln_price,THREE_PLUS_BATHS,0.244,0.123,0.05,1.98,0.048,,
2,2,ln_price,POWDER_ROOM,0.081,0.035,0.058,2.332,0.02,,
2,2,ln_price,GOOD,0.229,0.087,0.046,2.633,0.009,,
2,2,ln_price,FAIR,-0.181,0.028,-0.113,-6.349,0.001,,
2,2,ln_price,POOR,-0.245,0.085,-0.05,-2.876,0.004,,
2,2,ln_price,UNSOUND,-0.508,0.172,-0.051,-2.957,0.003,,
2,2,ln_price,QABOVE_AVG,0.321,0.052,0.139,6.24,0.001,,
2,2,ln_price,QBELOW_AVG,-0.093,0.032,-0.069,-2.866,0.004,,
2,2,ln_price,YB_PRE_1929,-0.191,0.031,-0.124,-6.269,0.001,,
2,2,ln_price,SLAB,-0.211,0.111,-0.033,-1.9,0.058,,
2,2,ln_price,FIREPLACE,0.144,0.027,0.111,5.384,0.001,,
2,2,ln_price,CENTRAL_AIR,0.051,0.026,0.036,1.973,0.049,,
2,2,ln_price,MONTHS_1TO18,0.014,0.002,0.134,7.622,0.001,,
2,3,ln_price,(Constant),11.28,0.029,,392.921,0.001,,
2,3,ln_price,LN_LANDRATIO,0.169,0.055,0.066,3.085,0.002,0.562,1.778
2,3,ln_price,LN_BASE_BLDGSIZE_RATIO,0.709,0.046,0.345,15.54,0.001,0.518,1.931
2,3,ln_price,HALF_DUPLEX1STORY,-0.802,0.149,-0.087,-5.396,0.001,0.982,1.018
2,3,ln_price,HALF_DUPLEX2STORY,-0.295,0.15,-0.032,-1.971,0.049,0.966,1.035
2,3,ln_price,GOOD,0.195,0.082,0.039,2.387,0.017,0.941,1.062
2,3,ln_price,FAIR,-0.189,0.027,-0.118,-7.058,0.001,0.91,1.099
2,3,ln_price,POOR,-0.175,0.079,-0.036,-2.215,0.027,0.967,1.034
2,3,ln_price,UNSOUND,-0.319,0.159,-0.032,-2.004,0.045,0.977,1.024
2,3,ln_price,QABOVE_AVG,0.159,0.051,0.069,3.136,0.002,0.53,1.887
2,3,ln_price,CRAWL,-0.376,0.19,-0.032,-1.976,0.048,0.955,1.047
2,3,ln_price,SLAB,-0.281,0.104,-0.044,-2.693,0.007,0.941,1.063
2,3,ln_price,FIREPLACE,0.054,0.025,0.042,2.152,0.031,0.665,1.505
2,3,ln_price,ECF2R203,0.203,0.041,0.086,4.983,0.001,0.858,1.166
2,3,ln_price,ECF2R204,0.442,0.136,0.053,3.245,0.001,0.938,1.066
2,3,ln_price,ECF2R206_215_217,0.541,0.083,0.136,6.492,0.001,0.581,1.723
2,3,ln_price,ECF2R208,0.742,0.094,0.13,7.876,0.001,0.937,1.067
2,3,ln_price,ECF2R209,0.486,0.16,0.053,3.032,0.002,0.846,1.182
2,3,ln_price,ECF2R210,0.901,0.199,0.085,4.538,0.001,0.733,1.365
2,3,ln_price,ECF2R211_230,-0.696,0.241,-0.046,-2.885,0.004,0.992,1.008
2,3,ln_price,ECF2R213,0.142,0.042,0.057,3.341,0.001,0.862,1.161
2,3,ln_price,ECF2R214,0.313,0.031,0.21,10.166,0.001,0.596,1.679
2,3,ln_price,ECF2R216,0.641,0.21,0.055,3.054,0.002,0.786,1.272
2,3,ln_price,ECF2R218,-0.564,0.118,-0.078,-4.775,0.001,0.959,1.043
2,3,ln_price,ECF2R219,0.74,0.153,0.08,4.846,0.001,0.931,1.074
2,3,ln_price,ECF2R220,-0.087,0.051,-0.029,-1.718,0.086,0.905,1.104
2,3,ln_price,ECF2R222,-0.254,0.048,-0.09,-5.291,0.001,0.888,1.126
2,3,ln_price,ECF2R224,-0.346,0.058,-0.101,-6.008,0.001,0.9,1.111
2,3,ln_price,ECF2R226,-0.436,0.187,-0.037,-2.335,0.02,0.994,1.006
2,3,ln_price,ECF2R227,0.281,0.135,0.034,2.08,0.038,0.951,1.052
2,3,ln_price,ECF2R228,-0.583,0.15,-0.063,-3.894,0.001,0.968,1.033
2,3,ln_price,ECF2R229,-0.753,0.171,-0.071,-4.393,0.001,0.983,1.017
2,3,ln_price,MONTHS_1TO18,0.014,0.002,0.129,7.897,0.001,0.953,1.049
2,4,ln_price,(Constant),11.278,0.03,,374.765,0.001,,
2,4,ln_price,LN_LANDRATIO,0.199,0.052,0.077,3.8,0.001,0.649,1.54
2,4,ln_price,LN_BASE_BLDGSIZE_RATIO,0.572,0.064,0.287,8.927,0.001,0.256,3.902
2,4,ln_price,HALF_DUPLEX1STORY,-0.92,0.19,-0.08,-4.853,0.001,0.978,1.023
2,4,ln_price,LARGEST,0.092,0.036,0.063,2.567,0.01,0.439,2.277
2,4,ln_price,GOOD,0.263,0.094,0.048,2.788,0.005,0.887,1.128
2,4,ln_price,FAIR,-0.192,0.025,-0.127,-7.522,0.001,0.934,1.071
2,4,ln_price,QABOVE_AVG,0.144,0.048,0.066,2.975,0.003,0.547,1.827
2,4,ln_price,QBELOW_AVG,-0.057,0.03,-0.046,-1.879,0.06,0.44,2.27
2,4,ln_price,SLAB,-0.41,0.122,-0.059,-3.361,0.001,0.863,1.159
2,4,ln_price,FIREPLACE,0.078,0.024,0.065,3.249,0.001,0.66,1.515
2,4,ln_price,ECF2R203,0.2,0.038,0.094,5.292,0.001,0.837,1.195
2,4,ln_price,ECF2R204,0.502,0.192,0.044,2.618,0.009,0.956,1.046
2,4,ln_price,ECF2R205,0.091,0.049,0.034,1.87,0.062,0.825,1.212
2,4,ln_price,ECF2R206_215_217,0.524,0.078,0.146,6.751,0.001,0.569,1.757
2,4,ln_price,ECF2R208,0.768,0.103,0.124,7.456,0.001,0.954,1.048
2,4,ln_price,ECF2R209,0.44,0.198,0.038,2.228,0.026,0.901,1.11
2,4,ln_price,ECF2R210,0.867,0.388,0.038,2.236,0.025,0.933,1.072
2,4,ln_price,ECF2R213,0.159,0.039,0.073,4.049,0.001,0.818,1.223
2,4,ln_price,ECF2R214,0.293,0.029,0.217,10.196,0.001,0.584,1.712
2,4,ln_price,ECF2R216,0.635,0.24,0.048,2.647,0.008,0.814,1.228
2,4,ln_price,ECF2R218,-0.728,0.189,-0.063,-3.858,0.001,0.988,1.012
2,4,ln_price,ECF2R219,0.784,0.149,0.09,5.258,0.001,0.906,1.104
2,4,ln_price,ECF2R222,-0.295,0.045,-0.113,-6.517,0.001,0.881,1.135
2,4,ln_price,ECF2R224,-0.407,0.057,-0.121,-7.095,0.001,0.917,1.091
2,4,ln_price,ECF2R227,0.343,0.19,0.03,1.8,0.072,0.97,1.031
2,4,ln_price,ECF2R228,-0.631,0.218,-0.047,-2.89,0.004,0.984,1.016
2,4,ln_price,MONTHS_1TO18,0.013,0.002,0.134,8.079,0.001,0.969,1.032
2,5,ln_tasp,(Constant),11.517,0.024,,478.774,0.001,,
2,5,ln_tasp,LN_LANDRATIO,0.199,0.052,0.078,3.805,0.001,0.65,1.538
2,5,ln_tasp,LN_BASE_BLDGSIZE_RATIO,0.572,0.064,0.29,8.93,0.001,0.256,3.902
2,5,ln_tasp,HALF_DUPLEX1STORY,-0.92,0.189,-0.081,-4.859,0.001,0.979,1.022
2,5,ln_tasp,LARGEST,0.092,0.036,0.064,2.569,0.01,0.439,2.277
2,5,ln_tasp,GOOD,0.263,0.094,0.049,2.789,0.005,0.887,1.128
2,5,ln_tasp,FAIR,-0.191,0.025,-0.128,-7.574,0.001,0.948,1.055
2,5,ln_tasp,QABOVE_AVG,0.144,0.048,0.066,2.98,0.003,0.548,1.824
2,5,ln_tasp,QBELOW_AVG,-0.057,0.03,-0.047,-1.879,0.06,0.441,2.27
2,5,ln_tasp,SLAB,-0.41,0.122,-0.06,-3.363,0.001,0.864,1.157
2,5,ln_tasp,FIREPLACE,0.078,0.024,0.066,3.254,0.001,0.661,1.513
2,5,ln_tasp,ECF2R203,0.2,0.038,0.095,5.294,0.001,0.837,1.195
2,5,ln_tasp,ECF2R204,0.502,0.192,0.044,2.618,0.009,0.957,1.045
2,5,ln_tasp,ECF2R205,0.091,0.049,0.034,1.871,0.062,0.827,1.209
2,5,ln_tasp,ECF2R206_215_217,0.524,0.078,0.147,6.753,0.001,0.569,1.757
2,5,ln_tasp,ECF2R208,0.767,0.103,0.126,7.459,0.001,0.954,1.048
2,5,ln_tasp,ECF2R209,0.44,0.197,0.039,2.228,0.026,0.901,1.109
2,5,ln_tasp,ECF2R210,0.867,0.388,0.038,2.237,0.025,0.933,1.071
2,5,ln_tasp,ECF2R213,0.159,0.039,0.074,4.056,0.001,0.819,1.221
2,5,ln_tasp,ECF2R214,0.293,0.029,0.22,10.199,0.001,0.584,1.712
2,5,ln_tasp,ECF2R216,0.634,0.24,0.048,2.647,0.008,0.815,1.227
2,5,ln_tasp,ECF2R218,-0.728,0.189,-0.064,-3.859,0.001,0.988,1.012
2,5,ln_tasp,ECF2R219,0.783,0.149,0.091,5.261,0.001,0.907,1.102
2,5,ln_tasp,ECF2R222,-0.295,0.045,-0.114,-6.52,0.001,0.882,1.134
2,5,ln_tasp,ECF2R224,-0.407,0.057,-0.122,-7.097,0.001,0.917,1.091
2,5,ln_tasp,ECF2R227,0.342,0.19,0.03,1.8,0.072,0.97,1.031
2,5,ln_tasp,ECF2R228,-0.631,0.218,-0.048,-2.894,0.004,0.985,1.015
2,6,ln_tasp,(Constant),9.075,0.169,,53.779,0.001,,
2,6,ln_tasp,LN_LANDRATIO,0.197,0.043,0.076,4.544,0.001,0.622,1.607
2,6,ln_tasp,LNSBLDSFINT,0.371,0.027,0.355,13.699,0.001,0.258,3.882
2,6,ln_tasp,ARTERIAL,-0.081,0.036,-0.033,-2.281,0.023,0.844,1.185
2,6,ln_tasp,HALF_DUPLEX1STORY,-0.496,0.123,-0.055,-4.03,0.001,0.918,1.089
2,6,ln_tasp,SMALLEST,0.094,0.04,0.042,2.339,0.019,0.546,1.833
2,6,ln_tasp,LARGEST,0.081,0.031,0.051,2.629,0.009,0.455,2.198
2,6,ln_tasp,TWO_BATHS,0.079,0.042,0.031,1.861,0.063,0.645,1.551
2,6,ln_tasp,GOOD,0.314,0.071,0.06,4.393,0.001,0.917,1.091
2,6,ln_tasp,FAIR,-0.203,0.019,-0.145,-10.749,0.001,0.953,1.05
2,6,ln_tasp,QABOVE_AVG,0.113,0.043,0.046,2.615,0.009,0.572,1.748
2,6,ln_tasp,QPOOR,0.289,0.168,0.023,1.721,0.085,0.984,1.016
2,6,ln_tasp,YB_PRE_1929,-0.052,0.023,-0.038,-2.263,0.024,0.631,1.585
2,6,ln_tasp,CRAWL,-0.467,0.168,-0.037,-2.779,0.005,0.985,1.015
2,6,ln_tasp,SLAB,-0.253,0.091,-0.038,-2.775,0.006,0.938,1.067
2,6,ln_tasp,GARAGE,0.05,0.016,0.044,3.115,0.002,0.887,1.127
2,6,ln_tasp,FIREPLACE,0.061,0.019,0.054,3.252,0.001,0.62,1.612
2,6,ln_tasp,ECF2R201,-0.1,0.029,-0.052,-3.475,0.001,0.785,1.274
2,6,ln_tasp,ECF2R203,0.15,0.031,0.073,4.827,0.001,0.764,1.309
2,6,ln_tasp,ECF2R204,0.516,0.192,0.036,2.684,0.007,0.942,1.062
2,6,ln_tasp,ECF2R206_215_217,0.512,0.072,0.118,7.085,0.001,0.63,1.588
2,6,ln_tasp,ECF2R208,0.731,0.096,0.103,7.636,0.001,0.952,1.051
2,6,ln_tasp,ECF2R209,0.459,0.194,0.032,2.369,0.018,0.926,1.08
2,6,ln_tasp,ECF2R210,0.994,0.381,0.035,2.609,0.009,0.955,1.047
2,6,ln_tasp,ECF2R211_230,-0.695,0.373,-0.025,-1.86,0.063,0.995,1.005
2,6,ln_tasp,ECF2R213,0.084,0.033,0.038,2.573,0.01,0.802,1.247
2,6,ln_tasp,ECF2R214,0.276,0.025,0.205,11.214,0.001,0.517,1.934
2,6,ln_tasp,ECF2R216,0.687,0.232,0.042,2.962,0.003,0.861,1.161
2,6,ln_tasp,ECF2R218,-0.692,0.142,-0.065,-4.865,0.001,0.982,1.018
2,6,ln_tasp,ECF2R219,0.706,0.145,0.066,4.856,0.001,0.94,1.063
2,6,ln_tasp,ECF2R220,-0.061,0.037,-0.024,-1.66,0.097,0.851,1.175
2,6,ln_tasp,ECF2R222,-0.26,0.034,-0.11,-7.709,0.001,0.845,1.184
2,6,ln_tasp,ECF2R223,-0.072,0.038,-0.027,-1.901,0.057,0.874,1.145
2,6,ln_tasp,ECF2R224,-0.38,0.043,-0.127,-8.929,0.001,0.855,1.17
2,6,ln_tasp,ECF2R227,0.404,0.173,0.032,2.334,0.02,0.926,1.08
2,6,ln_tasp,ECF2R228,-0.667,0.188,-0.047,-3.549,0.001,0.984,1.016
3,1,ln_sppsf,(Constant),3.951,0.056,,70.475,0.001,,
3,1,ln_sppsf,SMALLEST,0.099,0.054,0.06,1.841,0.066,,
3,1,ln_sppsf,LARGE,-0.27,0.047,-0.187,-5.69,0.001,,
3,1,ln_sppsf,EXT_BRICK_SIDING,-0.142,0.066,-0.069,-2.129,0.033,,
3,1,ln_sppsf,EXT_OTHER,-0.12,0.039,-0.105,-3.047,0.002,,
3,1,ln_sppsf,YB_PRE_1910,0.741,0.285,0.082,2.595,0.01,,
3,1,ln_sppsf,SLAB,0.469,0.157,0.094,2.984,0.003,,
3,1,ln_sppsf,LN_GARAGESPACES,0.179,0.051,0.111,3.523,0.001,,
3,1,ln_sppsf,FIREPLACE,0.085,0.04,0.072,2.13,0.033,,
3,1,ln_sppsf,HOT_WATER,0.402,0.09,0.142,4.447,0.001,,
3,1,ln_sppsf,CENTRAL_AIR,0.07,0.041,0.055,1.722,0.085,,
3,1,ln_sppsf,MONTHS_1TO9,0.015,0.006,0.074,2.344,0.019,,
3,2,ln_price,(Constant),10.97,0.055,,199.242,0.001,,
3,2,ln_price,SMALLEST,-0.177,0.05,-0.1,-3.541,0.001,,
3,2,ln_price,SMALL,-0.077,0.034,-0.065,-2.291,0.022,,
3,2,ln_price,LARGEST,0.334,0.092,0.095,3.646,0.001,,
3,2,ln_price,FAIR,-0.172,0.032,-0.135,-5.365,0.001,,
3,2,ln_price,POOR,-0.332,0.069,-0.121,-4.828,0.001,,
3,2,ln_price,QBELOW_AVG,-0.08,0.031,-0.072,-2.611,0.009,,
3,2,ln_price,QPOOR,-0.8,0.32,-0.067,-2.503,0.012,,
3,2,ln_price,EXT_BRICK_SIDING,-0.125,0.056,-0.058,-2.228,0.026,,
3,2,ln_price,EXT_OTHER,-0.147,0.034,-0.122,-4.281,0.001,,
3,2,ln_price,YB_PRE_1910,1.072,0.318,0.089,3.373,0.001,,
3,2,ln_price,CRAWL,0.205,0.099,0.053,2.077,0.038,,
3,2,ln_price,SLAB,0.27,0.127,0.053,2.121,0.034,,
3,2,ln_price,LN_GARAGESPACES,0.118,0.044,0.067,2.65,0.008,,
3,2,ln_price,FIREPLACE,0.073,0.037,0.055,1.976,0.048,,
3,2,ln_price,HOT_WATER,0.214,0.075,0.074,2.871,0.004,,
3,2,ln_price,CENTRAL_AIR,0.112,0.036,0.079,3.09,0.002,,
3,2,ln_price,MONTHS_1TO9,0.013,0.007,0.059,1.902,0.057,,
3,2,ln_price,MONTHS_10TO24,0.006,0.003,0.052,1.677,0.094,,
3,3,ln_price,(Constant),10.835,0.051,,212.572,0.001,,
3,3,ln_price,LN_LANDRATIO,0.238,0.07,0.085,3.401,0.001,0.802,1.247
3,3,ln_price,SMALLEST,-0.13,0.046,-0.074,-2.837,0.005,0.743,1.347
3,3,ln_price,SMALL,-0.056,0.031,-0.047,-1.81,0.07,0.73,1.369
3,3,ln_price,TWO_BATHS,0.329,0.15,0.05,2.191,0.029,0.969,1.033
3,3,ln_price,POWDER_ROOM,0.169,0.061,0.067,2.778,0.006,0.87,1.15
3,3,ln_price,FAIR,-0.136,0.029,-0.107,-4.669,0.001,0.949,1.053
3,3,ln_price,POOR,-0.295,0.063,-0.108,-4.711,0.001,0.958,1.044
3,3,ln_price,QBELOW_AVG,-0.077,0.031,-0.069,-2.503,0.012,0.665,1.504
3,3,ln_price,QPOOR,-0.763,0.29,-0.064,-2.631,0.009,0.859,1.164
3,3,ln_price,EXT_OTHER,-0.153,0.032,-0.128,-4.827,0.001,0.72,1.39
3,3,ln_price,YB_PRE_1910,0.701,0.296,0.058,2.368,0.018,0.823,1.215
3,3,ln_price,LN_GARAGESPACES,0.113,0.041,0.065,2.789,0.005,0.926,1.08
3,3,ln_price,CENTRAL_AIR,0.091,0.033,0.064,2.745,0.006,0.927,1.079
3,3,ln_price,ECF3R302,0.745,0.198,0.088,3.764,0.001,0.923,1.083
3,3,ln_price,ECF3R306,0.778,0.092,0.203,8.439,0.001,0.866,1.155
3,3,ln_price,ECF3R307,0.16,0.045,0.084,3.525,0.001,0.879,1.138
3,3,ln_price,ECF3R309,-0.261,0.132,-0.045,-1.984,0.047,0.97,1.031
3,3,ln_price,ECF3R310,0.942,0.071,0.315,13.19,0.001,0.879,1.138
3,3,ln_price,ECF3R314,0.251,0.071,0.082,3.552,0.001,0.935,1.069
3,3,ln_price,ECF3R315,0.308,0.063,0.117,4.918,0.001,0.888,1.126
3,3,ln_price,ECF3R317,-0.296,0.158,-0.043,-1.875,0.061,0.968,1.033
3,3,ln_price,ECF3R320,0.122,0.047,0.064,2.611,0.009,0.835,1.198
3,3,ln_price,ECF3R321,-0.303,0.089,-0.079,-3.415,0.001,0.938,1.066
3,3,ln_price,ECF3R322,0.332,0.058,0.142,5.697,0.001,0.813,1.23
3,3,ln_price,ECF3R323,0.173,0.046,0.096,3.766,0.001,0.766,1.306
3,3,ln_price,ECF3R324,-0.19,0.092,-0.048,-2.069,0.039,0.939,1.065
3,3,ln_price,ECF3R326,-0.291,0.133,-0.05,-2.185,0.029,0.945,1.058
3,3,ln_price,MONTHS_1TO9,0.013,0.006,0.058,2.057,0.04,0.632,1.582
3,3,ln_price,MONTHS_10TO24,0.007,0.003,0.069,2.432,0.015,0.632,1.583
3,4,ln_price,(Constant),10.839,0.046,,237.664,0.001,,
3,4,ln_price,LN_LANDRATIO,0.174,0.066,0.066,2.627,0.009,0.763,1.311
3,4,ln_price,SMALLEST,-0.148,0.041,-0.093,-3.639,0.001,0.746,1.341
3,4,ln_price,SMALL,-0.09,0.027,-0.085,-3.272,0.001,0.717,1.394
3,4,ln_price,POWDER_ROOM,0.19,0.062,0.072,3.075,0.002,0.895,1.118
3,4,ln_price,FAIR,-0.17,0.026,-0.148,-6.461,0.001,0.924,1.083
3,4,ln_price,POOR,-0.284,0.065,-0.099,-4.375,0.001,0.956,1.046
3,4,ln_price,UNSOUND,0.446,0.226,0.044,1.973,0.049,0.991,1.009
3,4,ln_price,QBELOW_AVG,-0.07,0.027,-0.07,-2.551,0.011,0.649,1.541
3,4,ln_price,EXT_OTHER,-0.173,0.029,-0.158,-5.997,0.001,0.698,1.432
3,4,ln_price,YB_1910_TO_1929,-0.07,0.041,-0.048,-1.709,0.088,0.626,1.596
3,4,ln_price,YB_POST_1990,-0.558,0.229,-0.063,-2.437,0.015,0.727,1.376
3,4,ln_price,LN_GARAGESPACES,0.102,0.036,0.065,2.845,0.005,0.944,1.059
3,4,ln_price,CENTRAL_AIR,0.1,0.029,0.079,3.455,0.001,0.929,1.076
3,4,ln_price,ECF3R302,1.506,0.452,0.085,3.332,0.001,0.744,1.344
3,4,ln_price,ECF3R303,0.105,0.045,0.055,2.313,0.021,0.857,1.166
3,4,ln_price,ECF3R306,1.029,0.11,0.217,9.347,0.001,0.905,1.104
3,4,ln_price,ECF3R307,0.179,0.04,0.107,4.459,0.001,0.838,1.193
3,4,ln_price,ECF3R310,1.124,0.067,0.41,16.889,0.001,0.826,1.211
3,4,ln_price,ECF3R314,0.347,0.065,0.122,5.318,0.001,0.919,1.088
3,4,ln_price,ECF3R315,0.39,0.055,0.167,7.071,0.001,0.872,1.146
3,4,ln_price,ECF3R320,0.129,0.041,0.079,3.183,0.001,0.796,1.256
3,4,ln_price,ECF3R321,-0.267,0.098,-0.062,-2.73,0.006,0.949,1.054
3,4,ln_price,ECF3R322,0.351,0.05,0.174,6.991,0.001,0.786,1.272
3,4,ln_price,ECF3R323,0.184,0.041,0.117,4.52,0.001,0.72,1.389
3,4,ln_price,ECF3R325,0.1,0.055,0.044,1.804,0.072,0.825,1.213
3,4,ln_price,MONTHS_1TO9,0.013,0.005,0.067,2.417,0.016,0.635,1.576
3,4,ln_price,MONTHS_10TO24,0.007,0.003,0.069,2.495,0.013,0.631,1.584
3,5,ln_tasp,(Constant),11.057,0.03,,369.519,0.001,,
3,5,ln_tasp,LN_LANDRATIO,0.174,0.066,0.067,2.63,0.009,0.763,1.31
3,5,ln_tasp,SMALLEST,-0.148,0.04,-0.094,-3.648,0.001,0.748,1.337
3,5,ln_tasp,SMALL,-0.09,0.027,-0.086,-3.278,0.001,0.719,1.392
3,5,ln_tasp,POWDER_ROOM,0.19,0.062,0.072,3.078,0.002,0.895,1.117
3,5,ln_tasp,FAIR,-0.17,0.026,-0.149,-6.467,0.001,0.924,1.083
3,5,ln_tasp,POOR,-0.284,0.065,-0.099,-4.379,0.001,0.956,1.046
3,5,ln_tasp,UNSOUND,0.447,0.226,0.044,1.977,0.048,0.992,1.008
3,5,ln_tasp,QBELOW_AVG,-0.07,0.027,-0.07,-2.553,0.011,0.649,1.541
3,5,ln_tasp,EXT_OTHER,-0.173,0.029,-0.159,-6.003,0.001,0.698,1.432
3,5,ln_tasp,YB_1910_TO_1929,-0.07,0.041,-0.048,-1.711,0.087,0.627,1.595
3,5,ln_tasp,YB_POST_1990,-0.557,0.228,-0.063,-2.444,0.015,0.731,1.368
3,5,ln_tasp,LN_GARAGESPACES,0.102,0.036,0.065,2.849,0.004,0.945,1.059
3,5,ln_tasp,CENTRAL_AIR,0.1,0.029,0.08,3.458,0.001,0.93,1.076
3,5,ln_tasp,ECF3R302,1.506,0.451,0.086,3.335,0.001,0.744,1.344
3,5,ln_tasp,ECF3R303,0.105,0.045,0.056,2.315,0.021,0.858,1.166
3,5,ln_tasp,ECF3R306,1.029,0.11,0.218,9.359,0.001,0.906,1.104
3,5,ln_tasp,ECF3R307,0.179,0.04,0.108,4.468,0.001,0.84,1.191
3,5,ln_tasp,ECF3R310,1.124,0.066,0.413,16.92,0.001,0.827,1.208
3,5,ln_tasp,ECF3R314,0.347,0.065,0.123,5.322,0.001,0.92,1.088
3,5,ln_tasp,ECF3R315,0.39,0.055,0.168,7.078,0.001,0.873,1.146
3,5,ln_tasp,ECF3R320,0.129,0.04,0.079,3.191,0.001,0.798,1.253
3,5,ln_tasp,ECF3R321,-0.266,0.097,-0.062,-2.735,0.006,0.952,1.05
3,5,ln_tasp,ECF3R322,0.351,0.05,0.175,7.003,0.001,0.787,1.27
3,5,ln_tasp,ECF3R323,0.184,0.041,0.118,4.528,0.001,0.721,1.387
3,5,ln_tasp,ECF3R325,0.1,0.055,0.044,1.809,0.071,0.83,1.205
3,6,ln_tasp,(Constant),10.011,0.206,,48.707,0.001,,
3,6,ln_tasp,LN_LANDRATIO,0.107,0.063,0.04,1.71,0.087,0.647,1.545
3,6,ln_tasp,LNSBLDSFINT,0.155,0.032,0.118,4.899,0.001,0.599,1.671
3,6,ln_tasp,HALF_DUPLEX2STORY,-1.053,0.444,-0.044,-2.369,0.018,0.991,1.01
3,6,ln_tasp,SMALL,-0.051,0.024,-0.043,-2.118,0.034,0.847,1.181
3,6,ln_tasp,LARGEST,0.244,0.086,0.057,2.834,0.005,0.869,1.151
3,6,ln_tasp,FAIR,-0.193,0.024,-0.155,-7.953,0.001,0.918,1.09
3,6,ln_tasp,POOR,-0.399,0.054,-0.143,-7.376,0.001,0.932,1.073
3,6,ln_tasp,UNSOUND,0.366,0.17,0.041,2.156,0.031,0.973,1.028
3,6,ln_tasp,QBELOW_AVG,-0.068,0.027,-0.06,-2.529,0.012,0.614,1.629
3,6,ln_tasp,QPOOR,0.495,0.201,0.047,2.467,0.014,0.974,1.027
3,6,ln_tasp,EXT_OTHER,-0.16,0.027,-0.139,-5.936,0.001,0.638,1.568
3,6,ln_tasp,YB_1910_TO_1929,-0.107,0.036,-0.077,-2.958,0.003,0.519,1.926
3,6,ln_tasp,GARAGE,0.077,0.026,0.063,2.996,0.003,0.799,1.252
3,6,ln_tasp,HOT_WATER,0.099,0.056,0.036,1.769,0.077,0.851,1.176
3,6,ln_tasp,WALL,-0.415,0.162,-0.049,-2.566,0.01,0.937,1.067
3,6,ln_tasp,CENTRAL_AIR,0.094,0.03,0.061,3.132,0.002,0.918,1.089
3,6,ln_tasp,ECF3R302,0.534,0.223,0.045,2.39,0.017,0.982,1.018
3,6,ln_tasp,ECF3R303,0.13,0.04,0.067,3.251,0.001,0.812,1.232
3,6,ln_tasp,ECF3R304,-0.192,0.071,-0.053,-2.706,0.007,0.902,1.109
3,6,ln_tasp,ECF3R306,0.793,0.075,0.217,10.557,0.001,0.826,1.211
3,6,ln_tasp,ECF3R307,0.197,0.04,0.101,4.952,0.001,0.836,1.196
3,6,ln_tasp,ECF3R310,1.063,0.057,0.389,18.543,0.001,0.788,1.268
3,6,ln_tasp,ECF3R311,0.179,0.084,0.041,2.144,0.032,0.949,1.054
3,6,ln_tasp,ECF3R314,0.381,0.066,0.112,5.766,0.001,0.922,1.085
3,6,ln_tasp,ECF3R315,0.315,0.055,0.115,5.759,0.001,0.868,1.152
3,6,ln_tasp,ECF3R320,0.162,0.043,0.078,3.766,0.001,0.808,1.238
3,6,ln_tasp,ECF3R321,-0.145,0.077,-0.036,-1.871,0.062,0.925,1.081
3,6,ln_tasp,ECF3R322,0.352,0.053,0.137,6.652,0.001,0.825,1.212
3,6,ln_tasp,ECF3R323,0.209,0.043,0.107,4.897,0.001,0.734,1.362
3,6,ln_tasp,ECF3R325,0.162,0.056,0.059,2.91,0.004,0.838,1.193
3,6,ln_tasp,ECF3R326,-0.504,0.096,-0.101,-5.223,0.001,0.925,1.081
4,1,ln_sppsf,(Constant),4.004,0.034,,119.189,0.001,,
4,1,ln_sppsf,HALF_DUPLEX1STORY,0.163,0.095,0.046,1.706,0.088,,
4,1,ln_sppsf,SMALLEST,0.249,0.062,0.126,4.005,0.001,,
4,1,ln_sppsf,SMALL,0.124,0.044,0.094,2.8,0.005,,
4,1,ln_sppsf,QABOVE_AVG,0.292,0.132,0.059,2.216,0.027,,
4,1,ln_sppsf,QBELOW_AVG,-0.072,0.038,-0.065,-1.871,0.062,,
4,1,ln_sppsf,YB_1946_TO_1960,0.135,0.032,0.119,4.274,0.001,,
4,1,ln_sppsf,YB_POST_1990,-0.388,0.071,-0.159,-5.489,0.001,,
4,1,ln_sppsf,FIREPLACE,0.124,0.032,0.121,3.893,0.001,,
4,1,ln_sppsf,HOT_WATER,0.138,0.048,0.081,2.88,0.004,,
4,1,ln_sppsf,CENTRAL_AIR,0.128,0.034,0.103,3.793,0.001,,
4,1,ln_sppsf,MONTHS_15TO24,0.011,0.004,0.068,2.529,0.012,,
4,2,ln_price,(Constant),11.009,0.045,,242.488,0.001,,
4,2,ln_price,LN_LANDRATIO,0.443,0.075,0.133,5.921,0.001,,
4,2,ln_price,LN_BASE_BLDGSIZE_RATIO,0.778,0.094,0.327,8.246,0.001,,
4,2,ln_price,SINGLE_FAMILY2STORY,0.073,0.035,0.054,2.065,0.039,,
4,2,ln_price,HALF_DUPLEX1STORY,-0.187,0.093,-0.045,-2.018,0.044,,
4,2,ln_price,SMALLEST,0.171,0.068,0.075,2.525,0.012,,
4,2,ln_price,SMALL,0.079,0.043,0.052,1.821,0.069,,
4,2,ln_price,GOOD,0.384,0.108,0.076,3.539,0.001,,
4,2,ln_price,FAIR,-0.18,0.031,-0.121,-5.727,0.001,,
4,2,ln_price,POOR,-0.232,0.079,-0.062,-2.92,0.004,,
4,2,ln_price,UNSOUND,-0.373,0.132,-0.06,-2.832,0.005,,
4,2,ln_price,QABOVE_AVG,0.299,0.133,0.048,2.239,0.025,,
4,2,ln_price,QBELOW_AVG,-0.066,0.035,-0.052,-1.868,0.062,,
4,2,ln_price,YB_1946_TO_1960,0.098,0.03,0.074,3.251,0.001,,
4,2,ln_price,YB_POST_1990,-0.372,0.071,-0.123,-5.249,0.001,,
4,2,ln_price,LN_GARAGESPACES,-0.077,0.046,-0.036,-1.661,0.097,,
4,2,ln_price,FIREPLACE,0.134,0.029,0.115,4.66,0.001,,
4,2,ln_price,HOT_WATER,0.116,0.045,0.061,2.56,0.011,,
4,2,ln_price,CENTRAL_AIR,0.136,0.032,0.092,4.284,0.001,,
4,2,ln_price,MONTHS_1TO14,0.009,0.003,0.066,2.997,0.003,,
4,3,ln_price,(Constant),11.031,0.045,,245.381,0.001,,
4,3,ln_price,LN_LANDRATIO,0.143,0.069,0.043,2.069,0.039,0.824,1.214
4,3,ln_price,LN_BASE_BLDGSIZE_RATIO,0.475,0.075,0.2,6.36,0.001,0.357,2.799
4,3,ln_price,SINGLE_FAMILY2STORY,0.077,0.032,0.057,2.367,0.018,0.609,1.643
4,3,ln_price,HALF_DUPLEX1STORY,-0.186,0.082,-0.045,-2.264,0.024,0.892,1.121
4,3,ln_price,TWO_BATHS,0.253,0.086,0.062,2.933,0.003,0.781,1.281
4,3,ln_price,GOOD,0.208,0.098,0.041,2.119,0.034,0.94,1.064
4,3,ln_price,FAIR,-0.182,0.029,-0.123,-6.374,0.001,0.95,1.053
4,3,ln_price,POOR,-0.192,0.072,-0.051,-2.657,0.008,0.959,1.042
4,3,ln_price,UNSOUND,-0.227,0.12,-0.036,-1.897,0.058,0.965,1.036
4,3,ln_price,QBELOW_AVG,-0.059,0.033,-0.046,-1.819,0.069,0.542,1.845
4,3,ln_price,EXT_OTHER,-0.086,0.037,-0.053,-2.3,0.022,0.672,1.489
4,3,ln_price,YB_1946_TO_1960,0.049,0.028,0.037,1.767,0.077,0.808,1.237
4,3,ln_price,CRAWL,-0.155,0.084,-0.041,-1.84,0.066,0.721,1.387
4,3,ln_price,FIREPLACE,0.076,0.026,0.065,2.892,0.004,0.695,1.44
4,3,ln_price,CENTRAL_AIR,0.102,0.028,0.069,3.596,0.001,0.951,1.051
4,3,ln_price,ECF4R401,-0.168,0.053,-0.063,-3.14,0.002,0.863,1.159
4,3,ln_price,ECF4R402,-0.681,0.088,-0.151,-7.704,0.001,0.922,1.085
4,3,ln_price,ECF4R408,-0.133,0.046,-0.06,-2.903,0.004,0.836,1.196
4,3,ln_price,ECF4R410,0.307,0.038,0.177,7.988,0.001,0.719,1.391
4,3,ln_price,ECF4R411,-0.173,0.047,-0.075,-3.702,0.001,0.852,1.173
4,3,ln_price,ECF4R412,-0.201,0.085,-0.046,-2.348,0.019,0.926,1.08
4,3,ln_price,ECF4R413,0.115,0.047,0.052,2.424,0.015,0.756,1.324
4,3,ln_price,ECF4R414,0.497,0.063,0.162,7.941,0.001,0.852,1.174
4,3,ln_price,ECF4R415,0.587,0.07,0.168,8.358,0.001,0.875,1.143
4,3,ln_price,ECF4R416,-0.301,0.135,-0.043,-2.221,0.026,0.941,1.063
4,3,ln_price,ECF4R417,0.306,0.046,0.145,6.673,0.001,0.744,1.345
4,3,ln_price,ECF4R419,-0.32,0.086,-0.079,-3.705,0.001,0.782,1.279
4,3,ln_price,ECF4R421,-0.182,0.105,-0.041,-1.742,0.082,0.638,1.567
4,3,ln_price,ECF4R422,0.535,0.073,0.148,7.285,0.001,0.852,1.174
4,3,ln_price,MONTHS_1TO14,0.007,0.003,0.056,2.262,0.024,0.573,1.744
4,3,ln_price,MONTHS_15TO24,0.007,0.004,0.04,1.715,0.087,0.637,1.57
4,4,ln_price,(Constant),11.135,0.03,,373.777,0.001,,
4,4,ln_price,LN_LANDRATIO,0.126,0.063,0.039,1.998,0.046,0.859,1.164
4,4,ln_price,LN_BASE_BLDGSIZE_RATIO,0.485,0.068,0.213,7.089,0.001,0.371,2.694
4,4,ln_price,SINGLE_FAMILY2STORY,0.071,0.028,0.057,2.518,0.012,0.665,1.504
4,4,ln_price,HALF_DUPLEX1STORY,-0.262,0.083,-0.061,-3.138,0.002,0.874,1.144
4,4,ln_price,HALF_DUPLEX2STORY,-0.234,0.101,-0.045,-2.31,0.021,0.901,1.11
4,4,ln_price,TWO_BATHS,0.3,0.098,0.062,3.071,0.002,0.827,1.21
4,4,ln_price,GOOD,0.222,0.101,0.042,2.203,0.028,0.911,1.098
4,4,ln_price,FAIR,-0.165,0.026,-0.119,-6.308,0.001,0.949,1.053
4,4,ln_price,POOR,-0.265,0.081,-0.061,-3.275,0.001,0.968,1.034
4,4,ln_price,UNSOUND,-0.377,0.142,-0.049,-2.659,0.008,0.971,1.03
4,4,ln_price,QBELOW_AVG,-0.08,0.03,-0.068,-2.691,0.007,0.531,1.883
4,4,ln_price,EXT_OTHER,-0.14,0.037,-0.091,-3.822,0.001,0.59,1.695
4,4,ln_price,FIREPLACE,0.061,0.024,0.056,2.55,0.011,0.686,1.457
4,4,ln_price,CENTRAL_AIR,0.122,0.026,0.09,4.764,0.001,0.947,1.056
4,4,ln_price,ECF4R401,-0.23,0.049,-0.093,-4.731,0.001,0.869,1.151
4,4,ln_price,ECF4R402,-0.8,0.09,-0.169,-8.922,0.001,0.935,1.07
4,4,ln_price,ECF4R404,0.113,0.06,0.041,1.893,0.059,0.702,1.424
4,4,ln_price,ECF4R408,-0.122,0.041,-0.06,-3.017,0.003,0.837,1.195
4,4,ln_price,ECF4R410,0.303,0.034,0.19,8.853,0.001,0.725,1.38
4,4,ln_price,ECF4R411,-0.179,0.045,-0.079,-3.987,0.001,0.864,1.158
4,4,ln_price,ECF4R412,-0.202,0.088,-0.044,-2.289,0.022,0.925,1.082
4,4,ln_price,ECF4R413,0.09,0.043,0.044,2.104,0.036,0.773,1.294
4,4,ln_price,ECF4R414,0.544,0.057,0.19,9.612,0.001,0.856,1.168
4,4,ln_price,ECF4R415,0.562,0.063,0.174,8.898,0.001,0.873,1.145
4,4,ln_price,ECF4R417,0.308,0.041,0.159,7.443,0.001,0.734,1.362
4,4,ln_price,ECF4R419,-0.362,0.083,-0.091,-4.363,0.001,0.767,1.304
4,4,ln_price,ECF4R421,-0.273,0.085,-0.068,-3.227,0.001,0.765,1.307
4,4,ln_price,ECF4R422,0.576,0.069,0.163,8.292,0.001,0.869,1.15
4,4,ln_price,MONTHS_15TO24,0.011,0.003,0.068,3.657,0.001,0.972,1.029
4,5,ln_tasp,(Constant),11.249,0.029,,393.09,0.001,,
4,5,ln_tasp,LN_LANDRATIO,0.126,0.063,0.039,1.999,0.046,0.859,1.164
4,5,ln_tasp,LN_BASE_BLDGSIZE_RATIO,0.485,0.068,0.213,7.092,0.001,0.371,2.694
4,5,ln_tasp,SINGLE_FAMILY2STORY,0.071,0.028,0.057,2.519,0.012,0.665,1.504
4,5,ln_tasp,HALF_DUPLEX1STORY,-0.262,0.083,-0.061,-3.14,0.002,0.875,1.143
4,5,ln_tasp,HALF_DUPLEX2STORY,-0.234,0.101,-0.045,-2.311,0.021,0.901,1.11
4,5,ln_tasp,TWO_BATHS,0.3,0.098,0.062,3.072,0.002,0.827,1.209
4,5,ln_tasp,GOOD,0.222,0.101,0.042,2.203,0.028,0.911,1.098
4,5,ln_tasp,FAIR,-0.165,0.026,-0.119,-6.317,0.001,0.952,1.051
4,5,ln_tasp,POOR,-0.265,0.081,-0.061,-3.276,0.001,0.968,1.034
4,5,ln_tasp,UNSOUND,-0.377,0.141,-0.049,-2.666,0.008,0.977,1.024
4,5,ln_tasp,QBELOW_AVG,-0.08,0.03,-0.068,-2.693,0.007,0.531,1.882
4,5,ln_tasp,EXT_OTHER,-0.14,0.037,-0.091,-3.824,0.001,0.59,1.695
4,5,ln_tasp,FIREPLACE,0.061,0.024,0.056,2.553,0.011,0.688,1.453
4,5,ln_tasp,CENTRAL_AIR,0.122,0.026,0.09,4.767,0.001,0.948,1.055
4,5,ln_tasp,ECF4R401,-0.23,0.049,-0.093,-4.732,0.001,0.869,1.151
4,5,ln_tasp,ECF4R402,-0.8,0.09,-0.169,-8.926,0.001,0.935,1.069
4,5,ln_tasp,ECF4R404,0.113,0.06,0.041,1.894,0.058,0.702,1.424
4,5,ln_tasp,ECF4R408,-0.122,0.04,-0.06,-3.018,0.003,0.837,1.195
4,5,ln_tasp,ECF4R410,0.303,0.034,0.19,8.857,0.001,0.725,1.38
4,5,ln_tasp,ECF4R411,-0.179,0.045,-0.079,-3.992,0.001,0.866,1.155
4,5,ln_tasp,ECF4R412,-0.202,0.088,-0.044,-2.291,0.022,0.925,1.081
4,5,ln_tasp,ECF4R413,0.09,0.043,0.044,2.105,0.035,0.773,1.294
4,5,ln_tasp,ECF4R414,0.544,0.057,0.19,9.616,0.001,0.856,1.168
4,5,ln_tasp,ECF4R415,0.562,0.063,0.174,8.902,0.001,0.874,1.145
4,5,ln_tasp,ECF4R417,0.309,0.041,0.159,7.449,0.001,0.735,1.361
4,5,ln_tasp,ECF4R419,-0.362,0.083,-0.091,-4.367,0.001,0.767,1.303
4,5,ln_tasp,ECF4R421,-0.273,0.084,-0.068,-3.237,0.001,0.769,1.301
4,5,ln_tasp,ECF4R422,0.576,0.069,0.163,8.296,0.001,0.87,1.15
4,6,ln_tasp,(Constant),9.97,0.164,,60.864,0.001,,
4,6,ln_tasp,LN_LANDRATIO,0.132,0.054,0.042,2.421,0.016,0.843,1.186
4,6,ln_tasp,LNSBLDSFINT,0.192,0.026,0.195,7.379,0.001,0.367,2.725
4,6,ln_tasp,SINGLE_FAMILY2STORY,0.077,0.025,0.06,3.109,0.002,0.689,1.452
4,6,ln_tasp,TWO_BATHS,0.431,0.09,0.082,4.78,0.001,0.884,1.131
4,6,ln_tasp,POWDER_ROOM,0.084,0.03,0.057,2.794,0.005,0.618,1.619
4,6,ln_tasp,GOOD,0.21,0.086,0.041,2.444,0.015,0.929,1.077
4,6,ln_tasp,FAIR,-0.174,0.022,-0.128,-7.807,0.001,0.956,1.046
4,6,ln_tasp,POOR,-0.237,0.068,-0.056,-3.477,0.001,0.976,1.025
4,6,ln_tasp,UNSOUND,-0.319,0.116,-0.045,-2.755,0.006,0.979,1.021
4,6,ln_tasp,QBELOW_AVG,-0.08,0.026,-0.068,-3.062,0.002,0.522,1.915
4,6,ln_tasp,EXT_OTHER,-0.095,0.028,-0.064,-3.385,0.001,0.719,1.391
4,6,ln_tasp,YB_1946_TO_1960,0.052,0.022,0.041,2.347,0.019,0.837,1.195
4,6,ln_tasp,GARAGE,0.044,0.022,0.034,2.013,0.044,0.924,1.082
4,6,ln_tasp,FIREPLACE,0.053,0.021,0.048,2.518,0.012,0.7,1.428
4,6,ln_tasp,CENTRAL_AIR,0.109,0.024,0.075,4.548,0.001,0.941,1.062
4,6,ln_tasp,ECF4R401,-0.271,0.043,-0.109,-6.336,0.001,0.864,1.158
4,6,ln_tasp,ECF4R402,-0.782,0.08,-0.161,-9.748,0.001,0.946,1.057
4,6,ln_tasp,ECF4R403,-0.083,0.047,-0.03,-1.752,0.08,0.895,1.117
4,6,ln_tasp,ECF4R408,-0.104,0.036,-0.051,-2.875,0.004,0.819,1.22
4,6,ln_tasp,ECF4R410,0.258,0.03,0.159,8.511,0.001,0.735,1.361
4,6,ln_tasp,ECF4R411,-0.199,0.037,-0.095,-5.404,0.001,0.831,1.203
4,6,ln_tasp,ECF4R412,-0.202,0.07,-0.048,-2.877,0.004,0.922,1.084
4,6,ln_tasp,ECF4R413,0.106,0.037,0.052,2.837,0.005,0.753,1.328
4,6,ln_tasp,ECF4R414,0.546,0.053,0.178,10.277,0.001,0.854,1.171
4,6,ln_tasp,ECF4R415,0.561,0.06,0.16,9.383,0.001,0.88,1.136
4,6,ln_tasp,ECF4R416,-0.285,0.142,-0.033,-2.008,0.045,0.975,1.025
4,6,ln_tasp,ECF4R417,0.297,0.037,0.151,8.019,0.001,0.727,1.376
4,6,ln_tasp,ECF4R419,-0.409,0.067,-0.11,-6.116,0.001,0.795,1.257
4,6,ln_tasp,ECF4R421,-0.297,0.075,-0.07,-3.94,0.001,0.824,1.214
4,6,ln_tasp,ECF4R422,0.556,0.057,0.168,9.693,0.001,0.857,1.167
5,2,ln_price,(Constant),10.822,0.139,,77.753,0.001,,
5,2,ln_price,LN_LANDRATIO,0.677,0.144,0.28,4.693,0.001,,
5,2,ln_price,ARTERIAL,-0.273,0.125,-0.092,-2.187,0.03,,
5,2,ln_price,ROW_HOUSE2STORY,-1.71,0.712,-0.102,-2.403,0.017,,
5,2,ln_price,LARGE,0.493,0.147,0.245,3.35,0.001,,
5,2,ln_price,LARGEST,0.523,0.17,0.271,3.077,0.002,,
5,2,ln_price,TWO_BATHS,0.364,0.13,0.175,2.804,0.005,,
5,2,ln_price,THREE_PLUS_BATHS,0.661,0.197,0.202,3.356,0.001,,
5,2,ln_price,EXCELLENT,1.358,0.432,0.139,3.144,0.002,,
5,2,ln_price,GOOD,0.583,0.145,0.169,4.014,0.001,,
5,2,ln_price,FAIR,-0.374,0.09,-0.175,-4.144,0.001,,
5,2,ln_price,UNSOUND,-1.922,0.491,-0.161,-3.915,0.001,,
5,2,ln_price,QABOVE_AVG,0.275,0.127,0.123,2.169,0.031,,
5,2,ln_price,QPOOR,-1.617,0.724,-0.096,-2.234,0.026,,
5,2,ln_price,EXT_BRICK_SIDING,-0.337,0.111,-0.138,-3.046,0.003,,
5,2,ln_price,YB_POST_1990,-0.59,0.252,-0.104,-2.346,0.02,,
5,2,ln_price,FIREPLACE,-0.197,0.097,-0.099,-2.033,0.043,,
5,2,ln_price,HOT_WATER,0.199,0.097,0.104,2.053,0.041,,
5,2,ln_price,MONTHS_10TO16,0.067,0.013,0.217,5.144,0.001,,
5,3,ln_price,(Constant),11.428,0.114,,100.207,0.001,,
5,3,ln_price,LN_LANDRATIO,0.5,0.126,0.206,3.959,0.001,0.461,2.171
5,3,ln_price,LN_BASE_BLDGSIZE_RATIO,0.747,0.155,0.263,4.826,0.001,0.422,2.372
5,3,ln_price,ARTERIAL,-0.225,0.116,-0.075,-1.93,0.055,0.821,1.217
5,3,ln_price,ROW_HOUSE2STORY,-1.109,0.626,-0.066,-1.77,0.078,0.905,1.105
5,3,ln_price,LARGE,0.23,0.099,0.114,2.314,0.021,0.513,1.95
5,3,ln_price,TWO_BATHS,0.203,0.09,0.097,2.248,0.025,0.667,1.499
5,3,ln_price,EXCELLENT,1.546,0.393,0.159,3.93,0.001,0.77,1.299
5,3,ln_price,GOOD,0.559,0.13,0.162,4.299,0.001,0.88,1.136
5,3,ln_price,FAIR,-0.457,0.082,-0.214,-5.598,0.001,0.855,1.169
5,3,ln_price,POOR,-0.421,0.128,-0.13,-3.297,0.001,0.8,1.25
5,3,ln_price,UNSOUND,-1.956,0.436,-0.164,-4.483,0.001,0.935,1.069
5,3,ln_price,EXT_BRICK_SIDING,-0.253,0.1,-0.104,-2.534,0.012,0.742,1.348
5,3,ln_price,HOT_WATER,0.208,0.085,0.108,2.466,0.014,0.647,1.545
5,3,ln_price,ECF5R501,-0.631,0.107,-0.258,-5.909,0.001,0.659,1.517
5,3,ln_price,ECF5R502,-0.536,0.109,-0.216,-4.924,0.001,0.652,1.534
5,3,ln_price,ECF5R503,0.472,0.214,0.087,2.21,0.028,0.802,1.248
5,3,ln_price,ECF5R514,0.346,0.167,0.08,2.072,0.039,0.838,1.193
5,3,ln_price,ECF5R517_521,0.504,0.243,0.078,2.077,0.039,0.878,1.139
5,3,ln_price,ECF5R523,-0.727,0.242,-0.113,-3.006,0.003,0.885,1.129
5,3,ln_price,ECF5R528,-0.576,0.307,-0.068,-1.875,0.062,0.948,1.054
5,3,ln_price,ECF5R529,0.329,0.163,0.078,2.022,0.044,0.833,1.2
5,3,ln_price,ECF5R530_532_535,0.368,0.204,0.071,1.806,0.072,0.802,1.246
5,3,ln_price,ECF5R533,-0.913,0.231,-0.161,-3.955,0.001,0.76,1.315
5,3,ln_price,ECF5R534,-0.621,0.171,-0.152,-3.635,0.001,0.716,1.396
5,3,ln_price,ECF5R538,-1.047,0.612,-0.062,-1.712,0.088,0.948,1.055
5,3,ln_price,MONTHS_10TO16,0.067,0.012,0.218,5.761,0.001,0.873,1.145
5,4,ln_price,(Constant),11.319,0.112,,101.349,0.001,,
5,4,ln_price,LN_LANDRATIO,0.478,0.104,0.21,4.575,0.001,0.439,2.279
5,4,ln_price,ARTERIAL,-0.205,0.098,-0.072,-2.088,0.038,0.781,1.281
5,4,ln_price,ROW_HOUSE2STORY,-1.756,0.466,-0.119,-3.772,0.001,0.924,1.083
5,4,ln_price,LARGE,0.306,0.112,0.159,2.737,0.007,0.276,3.622
5,4,ln_price,LARGEST,0.58,0.121,0.316,4.791,0.001,0.214,4.681
5,4,ln_price,TWO_BATHS,0.315,0.088,0.163,3.564,0.001,0.446,2.243
5,4,ln_price,THREE_PLUS_BATHS,0.513,0.138,0.172,3.723,0.001,0.434,2.305
5,4,ln_price,EXCELLENT,1.72,0.48,0.117,3.583,0.001,0.869,1.151
5,4,ln_price,GOOD,0.586,0.111,0.175,5.287,0.001,0.842,1.188
5,4,ln_price,FAIR,-0.519,0.065,-0.26,-7.974,0.001,0.873,1.146
5,4,ln_price,POOR,-0.387,0.106,-0.121,-3.652,0.001,0.845,1.184
5,4,ln_price,EXT_BRICK_SIDING,-0.163,0.078,-0.071,-2.103,0.037,0.818,1.222
5,4,ln_price,CRAWL,0.742,0.298,0.1,2.493,0.013,0.571,1.75
5,4,ln_price,ECF5R501,-0.754,0.08,-0.341,-9.45,0.001,0.712,1.405
5,4,ln_price,ECF5R502,-0.628,0.082,-0.272,-7.632,0.001,0.727,1.375
5,4,ln_price,ECF5R503,0.354,0.177,0.067,1.994,0.047,0.818,1.223
5,4,ln_price,ECF5R517_521,0.401,0.238,0.054,1.683,0.094,0.893,1.12
5,4,ln_price,ECF5R523,-1.163,0.331,-0.137,-3.512,0.001,0.613,1.631
5,4,ln_price,ECF5R528,-0.692,0.322,-0.066,-2.151,0.032,0.97,1.031
5,4,ln_price,ECF5R533,-0.699,0.344,-0.067,-2.035,0.043,0.852,1.174
5,4,ln_price,ECF5R534,-0.934,0.16,-0.197,-5.827,0.001,0.807,1.239
5,4,ln_price,ECF5R538,-1.121,0.464,-0.076,-2.417,0.016,0.931,1.074
5,4,ln_price,ECF5R539,-0.797,0.284,-0.094,-2.809,0.005,0.836,1.197
5,4,ln_price,MONTHS_10TO16,0.066,0.009,0.225,6.924,0.001,0.878,1.139
5,5,ln_tasp,(Constant),11.771,0.106,,110.887,0.001,,
5,5,ln_tasp,LN_LANDRATIO,0.476,0.104,0.212,4.58,0.001,0.441,2.268
5,5,ln_tasp,ARTERIAL,-0.204,0.098,-0.072,-2.083,0.038,0.783,1.277
5,5,ln_tasp,ROW_HOUSE2STORY,-1.745,0.462,-0.12,-3.778,0.001,0.935,1.069
5,5,ln_tasp,LARGE,0.306,0.112,0.161,2.743,0.007,0.276,3.621
5,5,ln_tasp,LARGEST,0.58,0.121,0.32,4.81,0.001,0.214,4.676
5,5,ln_tasp,TWO_BATHS,0.315,0.088,0.164,3.567,0.001,0.446,2.241
5,5,ln_tasp,THREE_PLUS_BATHS,0.515,0.137,0.175,3.749,0.001,0.435,2.298
5,5,ln_tasp,EXCELLENT,1.722,0.479,0.119,3.595,0.001,0.869,1.151
5,5,ln_tasp,GOOD,0.582,0.11,0.177,5.313,0.001,0.856,1.169
5,5,ln_tasp,FAIR,-0.518,0.065,-0.263,-7.987,0.001,0.874,1.145
5,5,ln_tasp,POOR,-0.386,0.106,-0.122,-3.652,0.001,0.848,1.179
5,5,ln_tasp,EXT_BRICK_SIDING,-0.16,0.076,-0.07,-2.099,0.037,0.84,1.19
5,5,ln_tasp,CRAWL,0.735,0.295,0.101,2.489,0.013,0.579,1.728
5,5,ln_tasp,ECF5R501,-0.755,0.079,-0.346,-9.496,0.001,0.714,1.401
5,5,ln_tasp,ECF5R502,-0.629,0.082,-0.276,-7.652,0.001,0.727,1.375
5,5,ln_tasp,ECF5R503,0.352,0.177,0.068,1.991,0.048,0.819,1.221
5,5,ln_tasp,ECF5R517_521,0.403,0.238,0.055,1.696,0.091,0.894,1.118
5,5,ln_tasp,ECF5R523,-1.162,0.33,-0.138,-3.515,0.001,0.613,1.63
5,5,ln_tasp,ECF5R528,-0.693,0.321,-0.067,-2.158,0.032,0.97,1.031
5,5,ln_tasp,ECF5R533,-0.708,0.34,-0.069,-2.078,0.039,0.864,1.158
5,5,ln_tasp,ECF5R534,-0.93,0.159,-0.199,-5.847,0.001,0.816,1.226
5,5,ln_tasp,ECF5R538,-1.129,0.461,-0.078,-2.448,0.015,0.938,1.066
5,5,ln_tasp,ECF5R539,-0.792,0.282,-0.094,-2.806,0.005,0.841,1.19
5,6,ln_tasp,(Constant),9.796,0.552,,17.732,0.001,,
5,6,ln_tasp,LN_LANDRATIO,0.445,0.081,0.186,5.521,0.001,0.472,2.118
5,6,ln_tasp,LNSBLDSFINT,0.287,0.081,0.149,3.532,0.001,0.303,3.303
5,6,ln_tasp,ARTERIAL,-0.173,0.066,-0.065,-2.602,0.01,0.865,1.157
5,6,ln_tasp,ROW_HOUSE2STORY,-1.163,0.472,-0.059,-2.465,0.014,0.944,1.059
5,6,ln_tasp,TWO_BATHS,0.17,0.067,0.083,2.537,0.012,0.496,2.016
5,6,ln_tasp,THREE_PLUS_BATHS,0.261,0.131,0.073,1.991,0.047,0.396,2.523
5,6,ln_tasp,EXCELLENT,1.604,0.481,0.081,3.335,0.001,0.908,1.102
5,6,ln_tasp,GOOD,0.689,0.08,0.214,8.632,0.001,0.873,1.145
5,6,ln_tasp,FAIR,-0.487,0.047,-0.257,-10.304,0.001,0.862,1.16
5,6,ln_tasp,POOR,-0.436,0.076,-0.141,-5.76,0.001,0.893,1.12
5,6,ln_tasp,UNSOUND,-1.437,0.474,-0.073,-3.032,0.003,0.936,1.069
5,6,ln_tasp,EXT_BRICK_SIDING,-0.174,0.06,-0.073,-2.887,0.004,0.83,1.205
5,6,ln_tasp,FIREPLACE,0.113,0.057,0.064,1.982,0.048,0.51,1.96
5,6,ln_tasp,HOT_WATER,0.226,0.048,0.128,4.683,0.001,0.715,1.399
5,6,ln_tasp,ECF5R501,-0.604,0.072,-0.263,-8.413,0.001,0.55,1.817
5,6,ln_tasp,ECF5R502,-0.449,0.072,-0.185,-6.262,0.001,0.612,1.635
5,6,ln_tasp,ECF5R503,0.574,0.175,0.086,3.285,0.001,0.776,1.288
5,6,ln_tasp,ECF5R504,0.229,0.097,0.065,2.355,0.019,0.701,1.426
5,6,ln_tasp,ECF5R508_509,0.265,0.143,0.046,1.851,0.065,0.872,1.147
5,6,ln_tasp,ECF5R514,0.449,0.089,0.133,5.019,0.001,0.763,1.31
5,6,ln_tasp,ECF5R517_521,0.593,0.142,0.103,4.183,0.001,0.889,1.125
5,6,ln_tasp,ECF5R523,-0.549,0.172,-0.078,-3.196,0.001,0.902,1.109
5,6,ln_tasp,ECF5R528,-0.475,0.127,-0.097,-3.729,0.001,0.787,1.271
5,6,ln_tasp,ECF5R529,0.534,0.084,0.181,6.371,0.001,0.663,1.509
5,6,ln_tasp,ECF5R530_532_535,0.481,0.147,0.083,3.284,0.001,0.833,1.2
5,6,ln_tasp,ECF5R533,-0.739,0.132,-0.143,-5.585,0.001,0.823,1.215
5,6,ln_tasp,ECF5R534,-0.501,0.123,-0.106,-4.082,0.001,0.802,1.246
5,6,ln_tasp,ECF5R538,-0.876,0.197,-0.108,-4.436,0.001,0.907,1.103
6,1,ln_sppsf,(Constant),3.82,0.073,,52.094,0.001,,
6,1,ln_sppsf,ARTERIAL,0.38,0.141,0.186,2.704,0.007,,
6,1,ln_sppsf,ROW_HOUSE,1.01,0.506,0.133,1.996,0.047,,
6,1,ln_sppsf,LARGEST,0.256,0.143,0.133,1.783,0.076,,
6,1,ln_sppsf,THREE_PLUS_BATHS,-0.895,0.534,-0.118,-1.676,0.096,,
6,1,ln_sppsf,QBELOW_AVG,0.209,0.085,0.19,2.455,0.015,,
6,1,ln_sppsf,YB_PRE_1910,0.245,0.121,0.146,2.029,0.044,,
6,1,ln_sppsf,YB_1930_TO_1945,-0.209,0.119,-0.129,-1.754,0.081,,
6,1,ln_sppsf,YB_1946_TO_1960,-0.263,0.107,-0.186,-2.461,0.015,,
6,1,ln_sppsf,YB_POST_1990,0.561,0.234,0.163,2.397,0.018,,
6,1,ln_sppsf,LN_GARAGESPACES,0.223,0.112,0.141,1.997,0.047,,
6,1,ln_sppsf,CENTRAL_AIR,0.237,0.105,0.159,2.247,0.026,,
6,2,ln_price,(Constant),10.807,0.073,,148.225,0.001,,
6,2,ln_price,LN_BASE_BLDGSIZE_RATIO,1.165,0.153,0.453,7.621,0.001,,
6,2,ln_price,ARTERIAL,0.28,0.116,0.112,2.425,0.016,,
6,2,ln_price,ROW_HOUSE,1.428,0.557,0.113,2.565,0.011,,
6,2,ln_price,THREE_PLUS_BATHS,-1.033,0.418,-0.116,-2.47,0.014,,
6,2,ln_price,GOOD_VERY_GOOD,0.965,0.274,0.17,3.519,0.001,,
6,2,ln_price,FAIR,-0.231,0.072,-0.145,-3.201,0.002,,
6,2,ln_price,POOR,-0.476,0.168,-0.128,-2.836,0.005,,
6,2,ln_price,UNSOUND,-1.998,0.555,-0.158,-3.601,0.001,,
6,2,ln_price,QBELOW_AVG,0.134,0.079,0.092,1.684,0.093,,
6,2,ln_price,YB_PRE_1910,0.368,0.095,0.181,3.878,0.001,,
6,2,ln_price,YB_POST_1990,0.647,0.231,0.134,2.804,0.005,,
6,2,ln_price,LN_GARAGESPACES,0.179,0.094,0.089,1.904,0.058,,
6,2,ln_price,CENTRAL_AIR,0.172,0.097,0.08,1.769,0.078,,
6,2,ln_price,MONTHS_12TO24,0.019,0.008,0.114,2.546,0.011,,
6,3,ln_price,(Constant),10.65,0.068,,157.362,0.001,,
6,3,ln_price,ARTERIAL,0.215,0.113,0.086,1.903,0.058,0.795,1.258
6,3,ln_price,SMALLEST,-0.221,0.116,-0.084,-1.908,0.057,0.84,1.191
6,3,ln_price,LARGE,0.216,0.086,0.13,2.53,0.012,0.614,1.629
6,3,ln_price,LARGEST,0.329,0.141,0.143,2.33,0.021,0.429,2.331
6,3,ln_price,POWDER_ROOM,0.174,0.104,0.092,1.671,0.096,0.531,1.883
6,3,ln_price,FAIR,-0.189,0.068,-0.118,-2.794,0.006,0.903,1.107
6,3,ln_price,POOR,-0.492,0.157,-0.132,-3.137,0.002,0.909,1.1
6,3,ln_price,UNSOUND,-2.353,0.523,-0.186,-4.503,0.001,0.945,1.058
6,3,ln_price,EXT_BRICK,0.23,0.078,0.128,2.934,0.004,0.852,1.174
6,3,ln_price,YB_POST_1990,0.849,0.21,0.176,4.04,0.001,0.851,1.175
6,3,ln_price,ECF6R601,-0.376,0.149,-0.109,-2.518,0.012,0.864,1.157
6,3,ln_price,ECF6R603,-0.243,0.132,-0.079,-1.837,0.067,0.871,1.148
6,3,ln_price,ECF6R604,0.237,0.102,0.107,2.329,0.021,0.768,1.302
6,3,ln_price,ECF6R605,0.435,0.138,0.138,3.159,0.002,0.844,1.185
6,3,ln_price,ECF6R607,0.636,0.201,0.141,3.173,0.002,0.821,1.218
6,3,ln_price,ECF6R608,1.524,0.282,0.24,5.403,0.001,0.819,1.221
6,3,ln_price,ECF6R609_614,1.744,0.314,0.239,5.547,0.001,0.876,1.141
6,3,ln_price,ECF6R611,0.423,0.094,0.211,4.481,0.001,0.73,1.37
6,3,ln_price,ECF6R612,0.426,0.161,0.119,2.643,0.009,0.795,1.258
6,3,ln_price,ECF6R613,0.729,0.175,0.18,4.172,0.001,0.871,1.148
6,3,ln_price,ECF6R615,0.344,0.146,0.103,2.346,0.02,0.842,1.188
6,3,ln_price,ECF6R616_617,0.68,0.307,0.093,2.218,0.027,0.921,1.086
6,3,ln_price,MONTHS_12TO24,0.019,0.007,0.113,2.702,0.007,0.932,1.073
6,4,ln_price,(Constant),10.665,0.054,,196.525,0.001,,
6,4,ln_price,ARTERIAL,0.236,0.099,0.105,2.398,0.017,0.858,1.166
6,4,ln_price,LARGE,0.277,0.065,0.19,4.258,0.001,0.819,1.221
6,4,ln_price,LARGEST,0.618,0.116,0.267,5.313,0.001,0.646,1.548
6,4,ln_price,FAIR,-0.165,0.059,-0.119,-2.815,0.005,0.912,1.097
6,4,ln_price,POOR,-0.454,0.203,-0.093,-2.231,0.027,0.941,1.063
6,4,ln_price,UNSOUND,-2.598,0.398,-0.268,-6.533,0.001,0.973,1.028
6,4,ln_price,EXT_BRICK,0.252,0.069,0.158,3.663,0.001,0.881,1.135
6,4,ln_price,YB_POST_1990,0.917,0.186,0.229,4.931,0.001,0.756,1.322
6,4,ln_price,ECF6R601,-0.513,0.13,-0.172,-3.951,0.001,0.864,1.157
6,4,ln_price,ECF6R603,-0.397,0.115,-0.149,-3.469,0.001,0.884,1.131
6,4,ln_price,ECF6R604,0.254,0.082,0.14,3.086,0.002,0.793,1.261
6,4,ln_price,ECF6R605,0.414,0.112,0.16,3.681,0.001,0.861,1.162
6,4,ln_price,ECF6R607,0.538,0.211,0.123,2.551,0.011,0.704,1.42
6,4,ln_price,ECF6R608,1.409,0.412,0.145,3.423,0.001,0.908,1.101
6,4,ln_price,ECF6R609_614,1.652,0.433,0.17,3.816,0.001,0.82,1.219
6,4,ln_price,ECF6R611,0.438,0.075,0.274,5.848,0.001,0.744,1.345
6,4,ln_price,ECF6R612,0.39,0.161,0.105,2.419,0.016,0.868,1.152
6,4,ln_price,ECF6R613,0.778,0.157,0.209,4.964,0.001,0.916,1.092
6,4,ln_price,ECF6R616_617,0.681,0.287,0.099,2.371,0.019,0.936,1.068
6,4,ln_price,MONTHS_12TO24,0.012,0.006,0.083,1.987,0.048,0.938,1.066
6,5,ln_tasp,(Constant),10.822,0.048,,223.551,0.001,,
6,5,ln_tasp,ARTERIAL,0.237,0.098,0.105,2.424,0.016,0.871,1.148
6,5,ln_tasp,LARGE,0.277,0.065,0.19,4.281,0.001,0.824,1.213
6,5,ln_tasp,LARGEST,0.618,0.116,0.267,5.33,0.001,0.647,1.545
6,5,ln_tasp,FAIR,-0.165,0.059,-0.119,-2.822,0.005,0.912,1.096
6,5,ln_tasp,POOR,-0.454,0.203,-0.093,-2.237,0.026,0.941,1.062
6,5,ln_tasp,UNSOUND,-2.598,0.396,-0.267,-6.558,0.001,0.976,1.025
6,5,ln_tasp,EXT_BRICK,0.252,0.069,0.157,3.677,0.001,0.885,1.131
6,5,ln_tasp,YB_POST_1990,0.917,0.186,0.229,4.943,0.001,0.757,1.322
6,5,ln_tasp,ECF6R601,-0.513,0.13,-0.172,-3.963,0.001,0.865,1.155
6,5,ln_tasp,ECF6R603,-0.397,0.114,-0.149,-3.478,0.001,0.885,1.13
6,5,ln_tasp,ECF6R604,0.254,0.082,0.14,3.094,0.002,0.793,1.26
6,5,ln_tasp,ECF6R605,0.414,0.112,0.16,3.692,0.001,0.862,1.161
6,5,ln_tasp,ECF6R607,0.537,0.21,0.123,2.562,0.011,0.708,1.413
6,5,ln_tasp,ECF6R608,1.409,0.41,0.145,3.434,0.001,0.91,1.099
6,5,ln_tasp,ECF6R609_614,1.652,0.432,0.17,3.825,0.001,0.82,1.219
6,5,ln_tasp,ECF6R611,0.438,0.075,0.274,5.869,0.001,0.745,1.341
6,5,ln_tasp,ECF6R612,0.39,0.16,0.105,2.431,0.016,0.873,1.145
6,5,ln_tasp,ECF6R613,0.778,0.156,0.209,4.975,0.001,0.916,1.091
6,5,ln_tasp,ECF6R616_617,0.681,0.286,0.099,2.382,0.018,0.942,1.062
6,6,ln_tasp,(Constant),9.413,0.461,,20.413,0.001,,
6,6,ln_tasp,LNSBLDSFINT,0.228,0.074,0.154,3.081,0.002,0.305,3.283
6,6,ln_tasp,ARTERIAL,0.241,0.068,0.101,3.523,0.001,0.919,1.088
6,6,ln_tasp,SINGLE_FAMILY2STORY,-0.122,0.046,-0.086,-2.628,0.009,0.712,1.404
6,6,ln_tasp,LARGE,0.114,0.063,0.077,1.81,0.071,0.425,2.352
6,6,ln_tasp,LARGEST,0.27,0.111,0.114,2.425,0.016,0.346,2.888
6,6,ln_tasp,POWDER_ROOM,0.169,0.069,0.092,2.453,0.015,0.54,1.851
6,6,ln_tasp,FAIR,-0.186,0.039,-0.135,-4.756,0.001,0.94,1.064
6,6,ln_tasp,POOR,-0.566,0.12,-0.134,-4.731,0.001,0.944,1.06
6,6,ln_tasp,UNSOUND,-2.371,0.284,-0.232,-8.345,0.001,0.984,1.016
6,6,ln_tasp,EXT_BRICK,0.172,0.053,0.095,3.224,0.001,0.871,1.148
6,6,ln_tasp,YB_1961_TO_1990,0.314,0.137,0.065,2.283,0.023,0.95,1.053
6,6,ln_tasp,YB_POST_1990,0.81,0.163,0.148,4.979,0.001,0.866,1.154
6,6,ln_tasp,CRAWL,-0.142,0.064,-0.067,-2.218,0.027,0.834,1.2
6,6,ln_tasp,ECF6R601,-0.492,0.099,-0.146,-4.982,0.001,0.888,1.126
6,6,ln_tasp,ECF6R603,-0.354,0.081,-0.13,-4.391,0.001,0.863,1.158
6,6,ln_tasp,ECF6R604,0.159,0.059,0.083,2.685,0.008,0.796,1.256
6,6,ln_tasp,ECF6R605,0.435,0.078,0.167,5.56,0.001,0.839,1.192
6,6,ln_tasp,ECF6R607,0.61,0.139,0.139,4.405,0.001,0.766,1.305
6,6,ln_tasp,ECF6R608,1.463,0.202,0.226,7.235,0.001,0.782,1.279
6,6,ln_tasp,ECF6R609_614,1.768,0.242,0.212,7.307,0.001,0.906,1.104
6,6,ln_tasp,ECF6R611,0.411,0.056,0.238,7.403,0.001,0.734,1.363
6,6,ln_tasp,ECF6R612,0.425,0.118,0.105,3.593,0.001,0.895,1.118
6,6,ln_tasp,ECF6R613,0.725,0.096,0.235,7.515,0.001,0.775,1.29
6,6,ln_tasp,ECF6R615,0.419,0.087,0.149,4.811,0.001,0.791,1.265
6,6,ln_tasp,ECF6R616_617,0.603,0.163,0.11,3.7,0.001,0.864,1.158
7,1,ln_sppsf,(Constant),4.078,0.038,,106.813,0.001,,
7,1,ln_sppsf,SMALLEST,0.167,0.044,0.108,3.762,0.001,,
7,1,ln_sppsf,SMALL,0.084,0.029,0.085,2.842,0.005,,
7,1,ln_sppsf,LARGE,-0.082,0.039,-0.06,-2.071,0.039,,
7,1,ln_sppsf,QABOVE_AVG,0.375,0.134,0.072,2.79,0.005,,
7,1,ln_sppsf,EXT_OTHER,-0.123,0.027,-0.12,-4.471,0.001,,
7,1,ln_sppsf,YB_PRE_1929,-0.261,0.043,-0.177,-6.047,0.001,,
7,1,ln_sppsf,YB_1930_TO_1945,-0.104,0.028,-0.101,-3.777,0.001,,
7,1,ln_sppsf,YB_POST_1961,0.2,0.099,0.052,2.024,0.043,,
7,1,ln_sppsf,SLAB,-0.315,0.138,-0.058,-2.287,0.022,,
7,1,ln_sppsf,LN_GARAGESPACES,0.142,0.039,0.093,3.674,0.001,,
7,1,ln_sppsf,WALL,-0.457,0.203,-0.057,-2.251,0.025,,
7,1,ln_sppsf,CENTRAL_AIR,0.104,0.031,0.085,3.325,0.001,,
7,1,ln_sppsf,MONTHS_1TO16,0.014,0.002,0.159,6.307,0.001,,
7,2,ln_price,(Constant),11.018,0.031,,356.264,0.001,,
7,2,ln_price,LN_LANDRATIO,0.332,0.066,0.112,5.062,0.001,,
7,2,ln_price,LN_BASE_BLDGSIZE_RATIO,0.524,0.061,0.239,8.625,0.001,,
7,2,ln_price,TWO_BATHS,0.218,0.094,0.059,2.307,0.021,,
7,2,ln_price,GOOD,0.2,0.099,0.043,2.019,0.044,,
7,2,ln_price,FAIR,-0.132,0.029,-0.097,-4.588,0.001,,
7,2,ln_price,POOR,-0.184,0.066,-0.058,-2.772,0.006,,
7,2,ln_price,QABOVE_AVG,0.273,0.137,0.045,1.992,0.047,,
7,2,ln_price,EXT_OTHER,-0.127,0.025,-0.117,-5.053,0.001,,
7,2,ln_price,YB_PRE_1929,-0.248,0.04,-0.164,-6.125,0.001,,
7,2,ln_price,YB_1930_TO_1945,-0.078,0.025,-0.069,-3.079,0.002,,
7,2,ln_price,YB_POST_1961,0.158,0.089,0.038,1.779,0.075,,
7,2,ln_price,SLAB,-0.326,0.109,-0.063,-2.985,0.003,,
7,2,ln_price,HOT_WATER,0.151,0.06,0.064,2.538,0.011,,
7,2,ln_price,CENTRAL_AIR,0.135,0.029,0.099,4.648,0.001,,
7,2,ln_price,MONTHS_1TO16,0.017,0.002,0.167,8.017,0.001,,
7,3,ln_price,(Constant),10.96,0.03,,360.689,0.001,,
7,3,ln_price,LN_LANDRATIO,0.117,0.064,0.039,1.834,0.067,0.811,1.233
7,3,ln_price,LN_BASE_BLDGSIZE_RATIO,0.54,0.056,0.246,9.69,0.001,0.572,1.747
7,3,ln_price,FAIR,-0.133,0.027,-0.098,-4.992,0.001,0.953,1.05
7,3,ln_price,POOR,-0.167,0.062,-0.053,-2.702,0.007,0.961,1.04
7,3,ln_price,EXT_OTHER,-0.113,0.024,-0.105,-4.743,0.001,0.762,1.312
7,3,ln_price,LN_GARAGESPACES,0.064,0.034,0.038,1.911,0.056,0.928,1.077
7,3,ln_price,FIREPLACE,0.067,0.028,0.056,2.395,0.017,0.665,1.503
7,3,ln_price,WALL,-0.245,0.145,-0.033,-1.691,0.091,0.986,1.014
7,3,ln_price,CENTRAL_AIR,0.092,0.027,0.067,3.411,0.001,0.95,1.052
7,3,ln_price,ECF7R701,0.44,0.056,0.155,7.793,0.001,0.941,1.063
7,3,ln_price,ECF7R702,0.415,0.047,0.176,8.851,0.001,0.934,1.071
7,3,ln_price,ECF7R703,-0.189,0.071,-0.052,-2.652,0.008,0.976,1.025
7,3,ln_price,ECF7R707,-0.209,0.109,-0.037,-1.923,0.055,0.985,1.015
7,3,ln_price,ECF7R708,-0.125,0.054,-0.045,-2.311,0.021,0.965,1.036
7,3,ln_price,ECF7R710,0.113,0.049,0.046,2.325,0.02,0.96,1.041
7,3,ln_price,ECF7R711,-0.175,0.047,-0.076,-3.7,0.001,0.878,1.139
7,3,ln_price,ECF7R715,-0.49,0.146,-0.066,-3.369,0.001,0.976,1.024
7,3,ln_price,ECF7R716,-0.543,0.082,-0.13,-6.597,0.001,0.957,1.045
7,3,ln_price,ECF7R717,-0.614,0.071,-0.18,-8.681,0.001,0.861,1.162
7,3,ln_price,ECF7R718,-0.381,0.058,-0.129,-6.548,0.001,0.958,1.044
7,3,ln_price,ECF7R720,-0.279,0.165,-0.033,-1.69,0.091,0.977,1.023
7,3,ln_price,ECF7R721,0.26,0.147,0.035,1.77,0.077,0.958,1.044
7,3,ln_price,ECF7R722,-0.485,0.14,-0.068,-3.459,0.001,0.948,1.055
7,3,ln_price,ECF7R723,0.362,0.073,0.107,4.967,0.001,0.795,1.257
7,3,ln_price,ECF7R724,-0.223,0.107,-0.041,-2.083,0.037,0.962,1.04
7,3,ln_price,MONTHS_1TO16,0.017,0.002,0.172,8.849,0.001,0.981,1.019
7,4,ln_price,(Constant),10.952,0.032,,340.335,0.001,,
7,4,ln_price,LN_LANDRATIO,0.204,0.058,0.072,3.515,0.001,0.864,1.157
7,4,ln_price,LN_BASE_BLDGSIZE_RATIO,0.5,0.067,0.236,7.43,0.001,0.356,2.812
7,4,ln_price,SMALLEST,-0.079,0.035,-0.054,-2.244,0.025,0.61,1.639
7,4,ln_price,FAIR,-0.11,0.024,-0.088,-4.522,0.001,0.95,1.052
7,4,ln_price,QBELOW_AVG,-0.042,0.024,-0.042,-1.767,0.077,0.632,1.583
7,4,ln_price,QPOOR,0.305,0.167,0.035,1.831,0.067,0.97,1.031
7,4,ln_price,EXT_OTHER,-0.147,0.022,-0.149,-6.575,0.001,0.703,1.422
7,4,ln_price,SLAB,-0.178,0.095,-0.037,-1.866,0.062,0.935,1.069
7,4,ln_price,LN_GARAGESPACES,0.067,0.03,0.044,2.229,0.026,0.929,1.077
7,4,ln_price,FIREPLACE,0.07,0.027,0.063,2.638,0.008,0.626,1.596
7,4,ln_price,CENTRAL_AIR,0.079,0.024,0.063,3.277,0.001,0.958,1.044
7,4,ln_price,ECF7R701,0.516,0.053,0.198,9.805,0.001,0.884,1.131
7,4,ln_price,ECF7R702,0.479,0.043,0.23,11.149,0.001,0.84,1.19
7,4,ln_price,ECF7R703,-0.15,0.073,-0.041,-2.066,0.039,0.896,1.115
7,4,ln_price,ECF7R705,0.088,0.025,0.084,3.508,0.001,0.623,1.604
7,4,ln_price,ECF7R710,0.223,0.046,0.099,4.86,0.001,0.861,1.161
7,4,ln_price,ECF7R711,-0.151,0.043,-0.075,-3.505,0.001,0.776,1.288
7,4,ln_price,ECF7R715,-0.481,0.263,-0.035,-1.829,0.068,0.973,1.028
7,4,ln_price,ECF7R716,-0.498,0.109,-0.089,-4.583,0.001,0.958,1.043
7,4,ln_price,ECF7R717,-0.63,0.076,-0.171,-8.298,0.001,0.848,1.179
7,4,ln_price,ECF7R718,-0.379,0.058,-0.131,-6.492,0.001,0.885,1.13
7,4,ln_price,ECF7R719,0.087,0.034,0.059,2.526,0.012,0.664,1.507
7,4,ln_price,ECF7R722,-0.446,0.262,-0.033,-1.706,0.088,0.983,1.017
7,4,ln_price,ECF7R723,0.487,0.078,0.137,6.281,0.001,0.759,1.318
7,4,ln_price,MONTHS_1TO16,0.017,0.002,0.188,9.842,0.001,0.987,1.013
7,5,ln_tasp,(Constant),11.226,0.026,,438.363,0.001,,
7,5,ln_tasp,LN_LANDRATIO,0.204,0.058,0.073,3.515,0.001,0.865,1.157
7,5,ln_tasp,LN_BASE_BLDGSIZE_RATIO,0.5,0.067,0.241,7.442,0.001,0.356,2.807
7,5,ln_tasp,SMALLEST,-0.078,0.035,-0.056,-2.243,0.025,0.611,1.638
7,5,ln_tasp,FAIR,-0.11,0.024,-0.09,-4.523,0.001,0.95,1.052
7,5,ln_tasp,QBELOW_AVG,-0.042,0.024,-0.043,-1.767,0.077,0.632,1.583
7,5,ln_tasp,QPOOR,0.306,0.167,0.036,1.832,0.067,0.97,1.031
7,5,ln_tasp,EXT_OTHER,-0.147,0.022,-0.152,-6.583,0.001,0.704,1.421
7,5,ln_tasp,SLAB,-0.178,0.095,-0.037,-1.866,0.062,0.935,1.069
7,5,ln_tasp,LN_GARAGESPACES,0.067,0.03,0.045,2.229,0.026,0.929,1.076
7,5,ln_tasp,FIREPLACE,0.07,0.027,0.064,2.637,0.008,0.627,1.594
7,5,ln_tasp,CENTRAL_AIR,0.079,0.024,0.065,3.279,0.001,0.958,1.044
7,5,ln_tasp,ECF7R701,0.516,0.053,0.202,9.815,0.001,0.885,1.13
7,5,ln_tasp,ECF7R702,0.479,0.043,0.235,11.153,0.001,0.84,1.19
7,5,ln_tasp,ECF7R703,-0.15,0.073,-0.042,-2.069,0.039,0.897,1.115
7,5,ln_tasp,ECF7R705,0.088,0.025,0.086,3.509,0.001,0.623,1.604
7,5,ln_tasp,ECF7R710,0.223,0.046,0.101,4.862,0.001,0.863,1.159
7,5,ln_tasp,ECF7R711,-0.151,0.043,-0.077,-3.505,0.001,0.777,1.288
7,5,ln_tasp,ECF7R715,-0.481,0.263,-0.036,-1.828,0.068,0.974,1.027
7,5,ln_tasp,ECF7R716,-0.498,0.109,-0.091,-4.585,0.001,0.958,1.043
7,5,ln_tasp,ECF7R717,-0.63,0.076,-0.174,-8.301,0.001,0.849,1.178
7,5,ln_tasp,ECF7R718,-0.379,0.058,-0.134,-6.493,0.001,0.885,1.13
7,5,ln_tasp,ECF7R719,0.087,0.034,0.06,2.527,0.012,0.664,1.506
7,5,ln_tasp,ECF7R722,-0.446,0.262,-0.033,-1.705,0.088,0.984,1.016
7,5,ln_tasp,ECF7R723,0.487,0.078,0.14,6.285,0.001,0.759,1.317
7,6,ln_tasp,(Constant),9.54,0.186,,51.212,0.001,,
7,6,ln_tasp,LN_LANDRATIO,0.219,0.051,0.075,4.267,0.001,0.792,1.262
7,6,ln_tasp,LNSBLDSFINT,0.259,0.029,0.209,8.969,0.001,0.458,2.184
7,6,ln_tasp,TWO_BATHS,0.249,0.084,0.055,2.958,0.003,0.709,1.41
7,6,ln_tasp,POWDER_ROOM,0.084,0.04,0.039,2.088,0.037,0.716,1.397
7,6,ln_tasp,FAIR,-0.138,0.02,-0.111,-6.795,0.001,0.925,1.081
7,6,ln_tasp,POOR,-0.24,0.05,-0.077,-4.771,0.001,0.951,1.051
7,6,ln_tasp,QBELOW_AVG,-0.068,0.021,-0.064,-3.22,0.001,0.628,1.592
7,6,ln_tasp,EXT_OTHER,-0.131,0.02,-0.126,-6.562,0.001,0.676,1.479
7,6,ln_tasp,YB_PRE_1929,-0.077,0.03,-0.055,-2.605,0.009,0.558,1.792
7,6,ln_tasp,YB_1930_TO_1945,-0.047,0.02,-0.043,-2.386,0.017,0.766,1.305
7,6,ln_tasp,CRAWL,0.14,0.067,0.035,2.07,0.039,0.847,1.18
7,6,ln_tasp,SLAB,-0.137,0.074,-0.03,-1.851,0.064,0.913,1.095
7,6,ln_tasp,GARAGE,0.104,0.018,0.096,5.748,0.001,0.887,1.128
7,6,ln_tasp,FIREPLACE,0.058,0.023,0.048,2.477,0.013,0.649,1.542
7,6,ln_tasp,ELEC_BASEBOARD,-0.439,0.237,-0.03,-1.85,0.064,0.965,1.036
7,6,ln_tasp,WALL,-0.203,0.099,-0.035,-2.052,0.04,0.837,1.195
7,6,ln_tasp,CENTRAL_AIR,0.081,0.023,0.056,3.466,0.001,0.942,1.062
7,6,ln_tasp,ECF7R701,0.498,0.052,0.159,9.551,0.001,0.892,1.121
7,6,ln_tasp,ECF7R702,0.461,0.042,0.187,11.029,0.001,0.86,1.163
7,6,ln_tasp,ECF7R703,-0.138,0.066,-0.034,-2.088,0.037,0.927,1.079
7,6,ln_tasp,ECF7R705,0.072,0.023,0.062,3.186,0.001,0.645,1.549
7,6,ln_tasp,ECF7R710,0.211,0.044,0.081,4.841,0.001,0.885,1.13
7,6,ln_tasp,ECF7R711,-0.123,0.039,-0.057,-3.189,0.001,0.779,1.283
7,6,ln_tasp,ECF7R716,-0.529,0.063,-0.143,-8.44,0.001,0.862,1.159
7,6,ln_tasp,ECF7R717,-0.461,0.061,-0.138,-7.557,0.001,0.748,1.336
7,6,ln_tasp,ECF7R718,-0.281,0.043,-0.114,-6.505,0.001,0.809,1.236
7,6,ln_tasp,ECF7R719,0.095,0.03,0.059,3.157,0.002,0.702,1.425
7,6,ln_tasp,ECF7R720,-0.399,0.13,-0.049,-3.063,0.002,0.966,1.035
7,6,ln_tasp,ECF7R721,0.405,0.238,0.027,1.704,0.089,0.962,1.04
7,6,ln_tasp,ECF7R723,0.367,0.075,0.092,4.926,0.001,0.711,1.406
7,6,ln_tasp,ECF7R724,-0.37,0.076,-0.082,-4.845,0.001,0.861,1.162
