"record_type","model_name","data_name","model_class","formula","created_at","bundle_created_at","n","r","r_squared","adj_r_squared","see","ss_regression","ss_residual","ss_total","df_regression","df_residual","df_total","ms_regression","ms_residual","f","significance","sigma","aic","bic","rmse","mae","term","estimate","std_error","t_value","p_value"
"model","d3_mod_time_23_25","data","lm","ln_sppsf ~ arterial + single_family1story + half_duplex2story + smallest + large + fair + poor + qabove_avg + qbelow_avg + yb_pre_1929 + yb_post_1961 + crawl + slab + ln_garagespaces + hot_water + central_air + months_1to9 + months_10to16","2026-04-01 15:53:26 UTC","2026-04-01 15:53:26 UTC",1921,0.350057,0.12254,0.114701,0.549429,80.22532,574.46342,654.68874,17,1903,1920,4.719136,0.301873,15.632878,0,0.549429,3170.598378,3276.2498,0.546849,0.437928,NA,NA,NA,NA,NA
"model","d3_mod_ln_price_no_ecf_23_25","data","lm","ln_price ~ ln_base_bldgsize_ratio + arterial + half_duplex2story + large + fair + poor + qabove_avg + qbelow_avg + yb_pre_1929 + yb_post_1961 + crawl + slab + ln_garagespaces + fireplace + hot_water + central_air + months_1to9 + months_10to16","2026-04-01 15:53:26 UTC","2026-04-01 15:53:26 UTC",1921,0.410604,0.168595,0.161168,0.548805,116.227262,573.158505,689.385766,17,1903,1920,6.836898,0.301187,22.699858,0,0.548805,3166.229791,3271.881213,0.546228,0.437765,NA,NA,NA,NA,NA
"model","d3_mod_base_23_25","data","lm","ln_price ~ ln_base_bldgsize_ratio + half_duplex2story + largest + fair + poor + very_poor_unsound + qabove_avg + qbelow_avg + yb_pre_1929 + ln_garagespaces + wall + central_air + ecf_3R302 + ecf_3R303 + ecf_3R304 + ecf_3R306 + ecf_3R307 + ecf_3R310 + ecf_3R311 + ecf_3R314 + ecf_3R315 + ecf_3R318 + ecf_3R319 + ecf_3R320 + ecf_3R322 + ecf_3R323 + ecf_3R325 + ecf_3R326 + months_1to9 + months_10to16","2026-04-01 15:53:26 UTC","2026-04-01 15:53:26 UTC",1921,0.580071,0.336482,0.326307,0.491826,231.966086,457.41968,689.385766,29,1891,1920,7.998831,0.241893,33.067638,0,0.491826,2756.927121,2929.305757,0.487971,0.39495,NA,NA,NA,NA,NA
"model","d3_mod_base_inliers_23_25","data","lm","ln_price ~ ln_landratio + ln_base_bldgsize_ratio + half_duplex2story + largest + good + fair + poor + very_poor_unsound + qabove_avg + qbelow_avg + yb_pre_1929 + slab + ln_garagespaces + hot_water + central_air + ecf_3R302 + ecf_3R303 + ecf_3R304 + ecf_3R306 + ecf_3R307 + ecf_3R309 + ecf_3R310 + ecf_3R311 + ecf_3R314 + ecf_3R315 + ecf_3R318 + ecf_3R319 + ecf_3R320 + ecf_3R322 + ecf_3R323 + ecf_3R325 + ecf_3R326 + months_1to9 + months_10to16","2026-04-01 15:53:26 UTC","2026-04-01 15:53:26 UTC",1801,0.664293,0.441286,0.431173,0.422905,249.745805,316.204476,565.950281,32,1768,1800,7.804556,0.178849,43.637762,0,0.422905,2045.802011,2232.669321,0.419013,0.348899,NA,NA,NA,NA,NA
"model","d3_mod_tasp1_23_25","data","lm","ln_tasp_re ~ ln_base_bldgsize_ratio + half_duplex2story + largest + good + fair + poor + very_poor_unsound + qabove_avg + qbelow_avg + yb_pre_1929 + yb_1946_to_1960 + ln_garagespaces + hot_water + wall + central_air + ecf_3R302 + ecf_3R303 + ecf_3R304 + ecf_3R306 + ecf_3R307 + ecf_3R309 + ecf_3R310 + ecf_3R311 + ecf_3R314 + ecf_3R315 + ecf_3R318 + ecf_3R319 + ecf_3R320 + ecf_3R322 + ecf_3R323 + ecf_3R325 + ecf_3R326","2026-04-01 15:53:26 UTC","2026-04-01 15:53:26 UTC",1801,0.657984,0.432942,0.423331,0.422718,241.477695,316.281745,557.75944,30,1770,1800,8.049256,0.17869,45.045862,0,0.422718,2042.242059,2218.117174,0.419064,0.349144,NA,NA,NA,NA,NA
"model","d3_mod_tasp2_23_25","data","lm","ln_tasp_re ~ ln_landratio + lnsbldsfint + half_duplex2story + small + largest + good + fair + poor + very_poor_unsound + qabove_avg + qbelow_avg + yb_pre_1929 + garage + hot_water + wall + central_air + ecf_3R302 + ecf_3R303 + ecf_3R304 + ecf_3R306 + ecf_3R307 + ecf_3R309 + ecf_3R310 + ecf_3R311 + ecf_3R314 + ecf_3R315 + ecf_3R318 + ecf_3R319 + ecf_3R320 + ecf_3R322 + ecf_3R323 + ecf_3R325 + ecf_3R326","2026-04-01 15:53:26 UTC","2026-04-01 15:53:26 UTC",1801,0.657938,0.432882,0.422944,0.42286,241.44398,316.315459,557.75944,31,1769,1800,7.788515,0.17881,43.557416,0,0.42286,2044.434027,2225.805239,0.419086,0.348855,NA,NA,NA,NA,NA
"coefficient","d3_mod_time_23_25","data",NA,NA,"2026-04-01 15:53:26 UTC",NA,1921,0.350057,0.12254,0.114701,0.549429,80.22532,574.46342,654.68874,17,1903,1920,4.719136,0.301873,15.632878,0,0.549429,3170.598378,3276.2498,0.546849,0.437928,"(Intercept)",3.794994,0.058476,64.897819,0
"coefficient","d3_mod_time_23_25","data",NA,NA,"2026-04-01 15:53:26 UTC",NA,1921,0.350057,0.12254,0.114701,0.549429,80.22532,574.46342,654.68874,17,1903,1920,4.719136,0.301873,15.632878,0,0.549429,3170.598378,3276.2498,0.546849,0.437928,"arterial",0.100918,0.048575,2.077547,0.037885
"coefficient","d3_mod_time_23_25","data",NA,NA,"2026-04-01 15:53:26 UTC",NA,1921,0.350057,0.12254,0.114701,0.549429,80.22532,574.46342,654.68874,17,1903,1920,4.719136,0.301873,15.632878,0,0.549429,3170.598378,3276.2498,0.546849,0.437928,"single_family1story",0.095472,0.042828,2.229193,0.025917
"coefficient","d3_mod_time_23_25","data",NA,NA,"2026-04-01 15:53:26 UTC",NA,1921,0.350057,0.12254,0.114701,0.549429,80.22532,574.46342,654.68874,17,1903,1920,4.719136,0.301873,15.632878,0,0.549429,3170.598378,3276.2498,0.546849,0.437928,"half_duplex2story",-0.926201,0.552126,-1.677517,0.093606
"coefficient","d3_mod_time_23_25","data",NA,NA,"2026-04-01 15:53:26 UTC",NA,1921,0.350057,0.12254,0.114701,0.549429,80.22532,574.46342,654.68874,17,1903,1920,4.719136,0.301873,15.632878,0,0.549429,3170.598378,3276.2498,0.546849,0.437928,"smallest",0.124723,0.039161,3.184898,0.001471
"coefficient","d3_mod_time_23_25","data",NA,NA,"2026-04-01 15:53:26 UTC",NA,1921,0.350057,0.12254,0.114701,0.549429,80.22532,574.46342,654.68874,17,1903,1920,4.719136,0.301873,15.632878,0,0.549429,3170.598378,3276.2498,0.546849,0.437928,"large",-0.151696,0.040474,-3.748026,0.000184
"coefficient","d3_mod_time_23_25","data",NA,NA,"2026-04-01 15:53:26 UTC",NA,1921,0.350057,0.12254,0.114701,0.549429,80.22532,574.46342,654.68874,17,1903,1920,4.719136,0.301873,15.632878,0,0.549429,3170.598378,3276.2498,0.546849,0.437928,"fair",-0.206032,0.028337,-7.270834,0
"coefficient","d3_mod_time_23_25","data",NA,NA,"2026-04-01 15:53:26 UTC",NA,1921,0.350057,0.12254,0.114701,0.549429,80.22532,574.46342,654.68874,17,1903,1920,4.719136,0.301873,15.632878,0,0.549429,3170.598378,3276.2498,0.546849,0.437928,"poor",-0.430403,0.058899,-7.307484,0
"coefficient","d3_mod_time_23_25","data",NA,NA,"2026-04-01 15:53:26 UTC",NA,1921,0.350057,0.12254,0.114701,0.549429,80.22532,574.46342,654.68874,17,1903,1920,4.719136,0.301873,15.632878,0,0.549429,3170.598378,3276.2498,0.546849,0.437928,"qbelow_avg",-0.054497,0.027907,-1.952813,0.050988
"coefficient","d3_mod_time_23_25","data",NA,NA,"2026-04-01 15:53:26 UTC",NA,1921,0.350057,0.12254,0.114701,0.549429,80.22532,574.46342,654.68874,17,1903,1920,4.719136,0.301873,15.632878,0,0.549429,3170.598378,3276.2498,0.546849,0.437928,"yb_pre_1929",-0.120746,0.03557,-3.394579,0.000701
"coefficient","d3_mod_time_23_25","data",NA,NA,"2026-04-01 15:53:26 UTC",NA,1921,0.350057,0.12254,0.114701,0.549429,80.22532,574.46342,654.68874,17,1903,1920,4.719136,0.301873,15.632878,0,0.549429,3170.598378,3276.2498,0.546849,0.437928,"yb_post_1961",-0.169761,0.082492,-2.057914,0.039734
"coefficient","d3_mod_time_23_25","data",NA,NA,"2026-04-01 15:53:26 UTC",NA,1921,0.350057,0.12254,0.114701,0.549429,80.22532,574.46342,654.68874,17,1903,1920,4.719136,0.301873,15.632878,0,0.549429,3170.598378,3276.2498,0.546849,0.437928,"crawl",0.154911,0.070178,2.20739,0.027406
"coefficient","d3_mod_time_23_25","data",NA,NA,"2026-04-01 15:53:26 UTC",NA,1921,0.350057,0.12254,0.114701,0.549429,80.22532,574.46342,654.68874,17,1903,1920,4.719136,0.301873,15.632878,0,0.549429,3170.598378,3276.2498,0.546849,0.437928,"slab",0.312004,0.094536,3.300386,0.000983
"coefficient","d3_mod_time_23_25","data",NA,NA,"2026-04-01 15:53:26 UTC",NA,1921,0.350057,0.12254,0.114701,0.549429,80.22532,574.46342,654.68874,17,1903,1920,4.719136,0.301873,15.632878,0,0.549429,3170.598378,3276.2498,0.546849,0.437928,"ln_garagespaces",0.143884,0.033491,4.296208,1.8e-05
"coefficient","d3_mod_time_23_25","data",NA,NA,"2026-04-01 15:53:26 UTC",NA,1921,0.350057,0.12254,0.114701,0.549429,80.22532,574.46342,654.68874,17,1903,1920,4.719136,0.301873,15.632878,0,0.549429,3170.598378,3276.2498,0.546849,0.437928,"hot_water",0.182877,0.060961,2.999891,0.002736
"coefficient","d3_mod_time_23_25","data",NA,NA,"2026-04-01 15:53:26 UTC",NA,1921,0.350057,0.12254,0.114701,0.549429,80.22532,574.46342,654.68874,17,1903,1920,4.719136,0.301873,15.632878,0,0.549429,3170.598378,3276.2498,0.546849,0.437928,"central_air",0.112472,0.035901,3.132822,0.001758
"coefficient","d3_mod_time_23_25","data",NA,NA,"2026-04-01 15:53:26 UTC",NA,1921,0.350057,0.12254,0.114701,0.549429,80.22532,574.46342,654.68874,17,1903,1920,4.719136,0.301873,15.632878,0,0.549429,3170.598378,3276.2498,0.546849,0.437928,"months_1to9",0.011212,0.005924,1.892613,0.058561
"coefficient","d3_mod_time_23_25","data",NA,NA,"2026-04-01 15:53:26 UTC",NA,1921,0.350057,0.12254,0.114701,0.549429,80.22532,574.46342,654.68874,17,1903,1920,4.719136,0.301873,15.632878,0,0.549429,3170.598378,3276.2498,0.546849,0.437928,"months_10to16",0.010652,0.005458,1.951541,0.051139
"coefficient","d3_mod_ln_price_no_ecf_23_25","data",NA,NA,"2026-04-01 15:53:26 UTC",NA,1921,0.410604,0.168595,0.161168,0.548805,116.227262,573.158505,689.385766,17,1903,1920,6.836898,0.301187,22.699858,0,0.548805,3166.229791,3271.881213,0.546228,0.437765,"(Intercept)",10.806288,0.0483,223.731748,0
"coefficient","d3_mod_ln_price_no_ecf_23_25","data",NA,NA,"2026-04-01 15:53:26 UTC",NA,1921,0.410604,0.168595,0.161168,0.548805,116.227262,573.158505,689.385766,17,1903,1920,6.836898,0.301187,22.699858,0,0.548805,3166.229791,3271.881213,0.546228,0.437765,"ln_base_bldgsize_ratio",0.63626,0.081457,7.810983,0
"coefficient","d3_mod_ln_price_no_ecf_23_25","data",NA,NA,"2026-04-01 15:53:26 UTC",NA,1921,0.410604,0.168595,0.161168,0.548805,116.227262,573.158505,689.385766,17,1903,1920,6.836898,0.301187,22.699858,0,0.548805,3166.229791,3271.881213,0.546228,0.437765,"arterial",0.104574,0.04851,2.155721,0.03123
"coefficient","d3_mod_ln_price_no_ecf_23_25","data",NA,NA,"2026-04-01 15:53:26 UTC",NA,1921,0.410604,0.168595,0.161168,0.548805,116.227262,573.158505,689.385766,17,1903,1920,6.836898,0.301187,22.699858,0,0.548805,3166.229791,3271.881213,0.546228,0.437765,"half_duplex2story",-1.19613,0.550188,-2.174041,0.029825
"coefficient","d3_mod_ln_price_no_ecf_23_25","data",NA,NA,"2026-04-01 15:53:26 UTC",NA,1921,0.410604,0.168595,0.161168,0.548805,116.227262,573.158505,689.385766,17,1903,1920,6.836898,0.301187,22.699858,0,0.548805,3166.229791,3271.881213,0.546228,0.437765,"large",-0.114619,0.042715,-2.683343,0.007352
"coefficient","d3_mod_ln_price_no_ecf_23_25","data",NA,NA,"2026-04-01 15:53:26 UTC",NA,1921,0.410604,0.168595,0.161168,0.548805,116.227262,573.158505,689.385766,17,1903,1920,6.836898,0.301187,22.699858,0,0.548805,3166.229791,3271.881213,0.546228,0.437765,"fair",-0.210643,0.028306,-7.441527,0
"coefficient","d3_mod_ln_price_no_ecf_23_25","data",NA,NA,"2026-04-01 15:53:26 UTC",NA,1921,0.410604,0.168595,0.161168,0.548805,116.227262,573.158505,689.385766,17,1903,1920,6.836898,0.301187,22.699858,0,0.548805,3166.229791,3271.881213,0.546228,0.437765,"poor",-0.441885,0.058773,-7.518449,0
"coefficient","d3_mod_ln_price_no_ecf_23_25","data",NA,NA,"2026-04-01 15:53:26 UTC",NA,1921,0.410604,0.168595,0.161168,0.548805,116.227262,573.158505,689.385766,17,1903,1920,6.836898,0.301187,22.699858,0,0.548805,3166.229791,3271.881213,0.546228,0.437765,"qbelow_avg",-0.062618,0.029204,-2.144164,0.032146
"coefficient","d3_mod_ln_price_no_ecf_23_25","data",NA,NA,"2026-04-01 15:53:26 UTC",NA,1921,0.410604,0.168595,0.161168,0.548805,116.227262,573.158505,689.385766,17,1903,1920,6.836898,0.301187,22.699858,0,0.548805,3166.229791,3271.881213,0.546228,0.437765,"yb_pre_1929",-0.094217,0.036726,-2.565392,0.010382
"coefficient","d3_mod_ln_price_no_ecf_23_25","data",NA,NA,"2026-04-01 15:53:26 UTC",NA,1921,0.410604,0.168595,0.161168,0.548805,116.227262,573.158505,689.385766,17,1903,1920,6.836898,0.301187,22.699858,0,0.548805,3166.229791,3271.881213,0.546228,0.437765,"yb_post_1961",-0.156471,0.08249,-1.896855,0.057998
"coefficient","d3_mod_ln_price_no_ecf_23_25","data",NA,NA,"2026-04-01 15:53:26 UTC",NA,1921,0.410604,0.168595,0.161168,0.548805,116.227262,573.158505,689.385766,17,1903,1920,6.836898,0.301187,22.699858,0,0.548805,3166.229791,3271.881213,0.546228,0.437765,"crawl",0.151906,0.070102,2.166937,0.030363
"coefficient","d3_mod_ln_price_no_ecf_23_25","data",NA,NA,"2026-04-01 15:53:26 UTC",NA,1921,0.410604,0.168595,0.161168,0.548805,116.227262,573.158505,689.385766,17,1903,1920,6.836898,0.301187,22.699858,0,0.548805,3166.229791,3271.881213,0.546228,0.437765,"slab",0.297637,0.094576,3.147061,0.001675
"coefficient","d3_mod_ln_price_no_ecf_23_25","data",NA,NA,"2026-04-01 15:53:26 UTC",NA,1921,0.410604,0.168595,0.161168,0.548805,116.227262,573.158505,689.385766,17,1903,1920,6.836898,0.301187,22.699858,0,0.548805,3166.229791,3271.881213,0.546228,0.437765,"ln_garagespaces",0.156393,0.033857,4.619172,4e-06
"coefficient","d3_mod_ln_price_no_ecf_23_25","data",NA,NA,"2026-04-01 15:53:26 UTC",NA,1921,0.410604,0.168595,0.161168,0.548805,116.227262,573.158505,689.385766,17,1903,1920,6.836898,0.301187,22.699858,0,0.548805,3166.229791,3271.881213,0.546228,0.437765,"fireplace",0.068478,0.035747,1.915616,0.055564
"coefficient","d3_mod_ln_price_no_ecf_23_25","data",NA,NA,"2026-04-01 15:53:26 UTC",NA,1921,0.410604,0.168595,0.161168,0.548805,116.227262,573.158505,689.385766,17,1903,1920,6.836898,0.301187,22.699858,0,0.548805,3166.229791,3271.881213,0.546228,0.437765,"hot_water",0.203242,0.061291,3.316012,0.00093
"coefficient","d3_mod_ln_price_no_ecf_23_25","data",NA,NA,"2026-04-01 15:53:26 UTC",NA,1921,0.410604,0.168595,0.161168,0.548805,116.227262,573.158505,689.385766,17,1903,1920,6.836898,0.301187,22.699858,0,0.548805,3166.229791,3271.881213,0.546228,0.437765,"central_air",0.120502,0.036008,3.346509,0.000834
"coefficient","d3_mod_ln_price_no_ecf_23_25","data",NA,NA,"2026-04-01 15:53:26 UTC",NA,1921,0.410604,0.168595,0.161168,0.548805,116.227262,573.158505,689.385766,17,1903,1920,6.836898,0.301187,22.699858,0,0.548805,3166.229791,3271.881213,0.546228,0.437765,"months_1to9",0.013618,0.005894,2.310678,0.020957
"coefficient","d3_mod_ln_price_no_ecf_23_25","data",NA,NA,"2026-04-01 15:53:26 UTC",NA,1921,0.410604,0.168595,0.161168,0.548805,116.227262,573.158505,689.385766,17,1903,1920,6.836898,0.301187,22.699858,0,0.548805,3166.229791,3271.881213,0.546228,0.437765,"months_10to16",0.010293,0.005452,1.888039,0.059173
"coefficient","d3_mod_base_23_25","data",NA,NA,"2026-04-01 15:53:26 UTC",NA,1921,0.580071,0.336482,0.326307,0.491826,231.966086,457.41968,689.385766,29,1891,1920,7.998831,0.241893,33.067638,0,0.491826,2756.927121,2929.305757,0.487971,0.39495,"(Intercept)",10.621523,0.046205,229.87746,0
"coefficient","d3_mod_base_23_25","data",NA,NA,"2026-04-01 15:53:26 UTC",NA,1921,0.580071,0.336482,0.326307,0.491826,231.966086,457.41968,689.385766,29,1891,1920,7.998831,0.241893,33.067638,0,0.491826,2756.927121,2929.305757,0.487971,0.39495,"ln_base_bldgsize_ratio",0.452676,0.070152,6.452784,0
"coefficient","d3_mod_base_23_25","data",NA,NA,"2026-04-01 15:53:26 UTC",NA,1921,0.580071,0.336482,0.326307,0.491826,231.966086,457.41968,689.385766,29,1891,1920,7.998831,0.241893,33.067638,0,0.491826,2756.927121,2929.305757,0.487971,0.39495,"half_duplex2story",-1.010768,0.493285,-2.049057,0.040594
"coefficient","d3_mod_base_23_25","data",NA,NA,"2026-04-01 15:53:26 UTC",NA,1921,0.580071,0.336482,0.326307,0.491826,231.966086,457.41968,689.385766,29,1891,1920,7.998831,0.241893,33.067638,0,0.491826,2756.927121,2929.305757,0.487971,0.39495,"largest",0.178318,0.076795,2.322006,0.020338
"coefficient","d3_mod_base_23_25","data",NA,NA,"2026-04-01 15:53:26 UTC",NA,1921,0.580071,0.336482,0.326307,0.491826,231.966086,457.41968,689.385766,29,1891,1920,7.998831,0.241893,33.067638,0,0.491826,2756.927121,2929.305757,0.487971,0.39495,"fair",-0.172846,0.02603,-6.640272,0
"coefficient","d3_mod_base_23_25","data",NA,NA,"2026-04-01 15:53:26 UTC",NA,1921,0.580071,0.336482,0.326307,0.491826,231.966086,457.41968,689.385766,29,1891,1920,7.998831,0.241893,33.067638,0,0.491826,2756.927121,2929.305757,0.487971,0.39495,"poor",-0.385399,0.053238,-7.239117,0
"coefficient","d3_mod_base_23_25","data",NA,NA,"2026-04-01 15:53:26 UTC",NA,1921,0.580071,0.336482,0.326307,0.491826,231.966086,457.41968,689.385766,29,1891,1920,7.998831,0.241893,33.067638,0,0.491826,2756.927121,2929.305757,0.487971,0.39495,"very_poor_unsound",0.281309,0.166303,1.691543,0.090898
"coefficient","d3_mod_base_23_25","data",NA,NA,"2026-04-01 15:53:26 UTC",NA,1921,0.580071,0.336482,0.326307,0.491826,231.966086,457.41968,689.385766,29,1891,1920,7.998831,0.241893,33.067638,0,0.491826,2756.927121,2929.305757,0.487971,0.39495,"qbelow_avg",-0.087257,0.028726,-3.037563,0.002418
"coefficient","d3_mod_base_23_25","data",NA,NA,"2026-04-01 15:53:26 UTC",NA,1921,0.580071,0.336482,0.326307,0.491826,231.966086,457.41968,689.385766,29,1891,1920,7.998831,0.241893,33.067638,0,0.491826,2756.927121,2929.305757,0.487971,0.39495,"yb_pre_1929",-0.160624,0.035198,-4.563421,5e-06
"coefficient","d3_mod_base_23_25","data",NA,NA,"2026-04-01 15:53:26 UTC",NA,1921,0.580071,0.336482,0.326307,0.491826,231.966086,457.41968,689.385766,29,1891,1920,7.998831,0.241893,33.067638,0,0.491826,2756.927121,2929.305757,0.487971,0.39495,"ln_garagespaces",0.106825,0.03087,3.460528,0.000551
"coefficient","d3_mod_base_23_25","data",NA,NA,"2026-04-01 15:53:26 UTC",NA,1921,0.580071,0.336482,0.326307,0.491826,231.966086,457.41968,689.385766,29,1891,1920,7.998831,0.241893,33.067638,0,0.491826,2756.927121,2929.305757,0.487971,0.39495,"wall",-0.404568,0.178402,-2.267729,0.023458
"coefficient","d3_mod_base_23_25","data",NA,NA,"2026-04-01 15:53:26 UTC",NA,1921,0.580071,0.336482,0.326307,0.491826,231.966086,457.41968,689.385766,29,1891,1920,7.998831,0.241893,33.067638,0,0.491826,2756.927121,2929.305757,0.487971,0.39495,"central_air",0.100655,0.032474,3.099572,0.001967
"coefficient","d3_mod_base_23_25","data",NA,NA,"2026-04-01 15:53:26 UTC",NA,1921,0.580071,0.336482,0.326307,0.491826,231.966086,457.41968,689.385766,29,1891,1920,7.998831,0.241893,33.067638,0,0.491826,2756.927121,2929.305757,0.487971,0.39495,"ecf_3R302",0.740929,0.166043,4.462278,9e-06
"coefficient","d3_mod_base_23_25","data",NA,NA,"2026-04-01 15:53:26 UTC",NA,1921,0.580071,0.336482,0.326307,0.491826,231.966086,457.41968,689.385766,29,1891,1920,7.998831,0.241893,33.067638,0,0.491826,2756.927121,2929.305757,0.487971,0.39495,"ecf_3R303",0.168266,0.044786,3.75708,0.000177
"coefficient","d3_mod_base_23_25","data",NA,NA,"2026-04-01 15:53:26 UTC",NA,1921,0.580071,0.336482,0.326307,0.491826,231.966086,457.41968,689.385766,29,1891,1920,7.998831,0.241893,33.067638,0,0.491826,2756.927121,2929.305757,0.487971,0.39495,"ecf_3R304",-0.165618,0.076575,-2.162818,0.03068
"coefficient","d3_mod_base_23_25","data",NA,NA,"2026-04-01 15:53:26 UTC",NA,1921,0.580071,0.336482,0.326307,0.491826,231.966086,457.41968,689.385766,29,1891,1920,7.998831,0.241893,33.067638,0,0.491826,2756.927121,2929.305757,0.487971,0.39495,"ecf_3R306",0.783028,0.072337,10.824712,0
"coefficient","d3_mod_base_23_25","data",NA,NA,"2026-04-01 15:53:26 UTC",NA,1921,0.580071,0.336482,0.326307,0.491826,231.966086,457.41968,689.385766,29,1891,1920,7.998831,0.241893,33.067638,0,0.491826,2756.927121,2929.305757,0.487971,0.39495,"ecf_3R307",0.296072,0.045515,6.504884,0
"coefficient","d3_mod_base_23_25","data",NA,NA,"2026-04-01 15:53:26 UTC",NA,1921,0.580071,0.336482,0.326307,0.491826,231.966086,457.41968,689.385766,29,1891,1920,7.998831,0.241893,33.067638,0,0.491826,2756.927121,2929.305757,0.487971,0.39495,"ecf_3R310",1.032896,0.060372,17.108868,0
"coefficient","d3_mod_base_23_25","data",NA,NA,"2026-04-01 15:53:26 UTC",NA,1921,0.580071,0.336482,0.326307,0.491826,231.966086,457.41968,689.385766,29,1891,1920,7.998831,0.241893,33.067638,0,0.491826,2756.927121,2929.305757,0.487971,0.39495,"ecf_3R311",0.265048,0.092855,2.854439,0.004358
"coefficient","d3_mod_base_23_25","data",NA,NA,"2026-04-01 15:53:26 UTC",NA,1921,0.580071,0.336482,0.326307,0.491826,231.966086,457.41968,689.385766,29,1891,1920,7.998831,0.241893,33.067638,0,0.491826,2756.927121,2929.305757,0.487971,0.39495,"ecf_3R314",0.399821,0.069997,5.711981,0
"coefficient","d3_mod_base_23_25","data",NA,NA,"2026-04-01 15:53:26 UTC",NA,1921,0.580071,0.336482,0.326307,0.491826,231.966086,457.41968,689.385766,29,1891,1920,7.998831,0.241893,33.067638,0,0.491826,2756.927121,2929.305757,0.487971,0.39495,"ecf_3R315",0.374769,0.059829,6.263997,0
"coefficient","d3_mod_base_23_25","data",NA,NA,"2026-04-01 15:53:26 UTC",NA,1921,0.580071,0.336482,0.326307,0.491826,231.966086,457.41968,689.385766,29,1891,1920,7.998831,0.241893,33.067638,0,0.491826,2756.927121,2929.305757,0.487971,0.39495,"ecf_3R318",0.353916,0.176402,2.006307,0.044966
"coefficient","d3_mod_base_23_25","data",NA,NA,"2026-04-01 15:53:26 UTC",NA,1921,0.580071,0.336482,0.326307,0.491826,231.966086,457.41968,689.385766,29,1891,1920,7.998831,0.241893,33.067638,0,0.491826,2756.927121,2929.305757,0.487971,0.39495,"ecf_3R319",0.134446,0.040773,3.297426,0.000994
"coefficient","d3_mod_base_23_25","data",NA,NA,"2026-04-01 15:53:26 UTC",NA,1921,0.580071,0.336482,0.326307,0.491826,231.966086,457.41968,689.385766,29,1891,1920,7.998831,0.241893,33.067638,0,0.491826,2756.927121,2929.305757,0.487971,0.39495,"ecf_3R320",0.276963,0.049226,5.626326,0
"coefficient","d3_mod_base_23_25","data",NA,NA,"2026-04-01 15:53:26 UTC",NA,1921,0.580071,0.336482,0.326307,0.491826,231.966086,457.41968,689.385766,29,1891,1920,7.998831,0.241893,33.067638,0,0.491826,2756.927121,2929.305757,0.487971,0.39495,"ecf_3R322",0.488602,0.059322,8.236439,0
"coefficient","d3_mod_base_23_25","data",NA,NA,"2026-04-01 15:53:26 UTC",NA,1921,0.580071,0.336482,0.326307,0.491826,231.966086,457.41968,689.385766,29,1891,1920,7.998831,0.241893,33.067638,0,0.491826,2756.927121,2929.305757,0.487971,0.39495,"ecf_3R323",0.339425,0.047347,7.168946,0
"coefficient","d3_mod_base_23_25","data",NA,NA,"2026-04-01 15:53:26 UTC",NA,1921,0.580071,0.336482,0.326307,0.491826,231.966086,457.41968,689.385766,29,1891,1920,7.998831,0.241893,33.067638,0,0.491826,2756.927121,2929.305757,0.487971,0.39495,"ecf_3R325",0.241613,0.062139,3.888283,0.000104
"coefficient","d3_mod_base_23_25","data",NA,NA,"2026-04-01 15:53:26 UTC",NA,1921,0.580071,0.336482,0.326307,0.491826,231.966086,457.41968,689.385766,29,1891,1920,7.998831,0.241893,33.067638,0,0.491826,2756.927121,2929.305757,0.487971,0.39495,"ecf_3R326",-0.416274,0.09877,-4.214575,2.6e-05
"coefficient","d3_mod_base_23_25","data",NA,NA,"2026-04-01 15:53:26 UTC",NA,1921,0.580071,0.336482,0.326307,0.491826,231.966086,457.41968,689.385766,29,1891,1920,7.998831,0.241893,33.067638,0,0.491826,2756.927121,2929.305757,0.487971,0.39495,"months_1to9",0.012668,0.005286,2.396489,0.01665
"coefficient","d3_mod_base_23_25","data",NA,NA,"2026-04-01 15:53:26 UTC",NA,1921,0.580071,0.336482,0.326307,0.491826,231.966086,457.41968,689.385766,29,1891,1920,7.998831,0.241893,33.067638,0,0.491826,2756.927121,2929.305757,0.487971,0.39495,"months_10to16",0.013383,0.004918,2.72145,0.006559
"coefficient","d3_mod_base_inliers_23_25","data",NA,NA,"2026-04-01 15:53:26 UTC",NA,1801,0.664293,0.441286,0.431173,0.422905,249.745805,316.204476,565.950281,32,1768,1800,7.804556,0.178849,43.637762,0,0.422905,2045.802011,2232.669321,0.419013,0.348899,"(Intercept)",10.633132,0.041405,256.808327,0
"coefficient","d3_mod_base_inliers_23_25","data",NA,NA,"2026-04-01 15:53:26 UTC",NA,1801,0.664293,0.441286,0.431173,0.422905,249.745805,316.204476,565.950281,32,1768,1800,7.804556,0.178849,43.637762,0,0.422905,2045.802011,2232.669321,0.419013,0.348899,"ln_landratio",0.102263,0.059685,1.713381,0.086818
"coefficient","d3_mod_base_inliers_23_25","data",NA,NA,"2026-04-01 15:53:26 UTC",NA,1801,0.664293,0.441286,0.431173,0.422905,249.745805,316.204476,565.950281,32,1768,1800,7.804556,0.178849,43.637762,0,0.422905,2045.802011,2232.669321,0.419013,0.348899,"ln_base_bldgsize_ratio",0.518798,0.063368,8.187051,0
"coefficient","d3_mod_base_inliers_23_25","data",NA,NA,"2026-04-01 15:53:26 UTC",NA,1801,0.664293,0.441286,0.431173,0.422905,249.745805,316.204476,565.950281,32,1768,1800,7.804556,0.178849,43.637762,0,0.422905,2045.802011,2232.669321,0.419013,0.348899,"largest",0.120166,0.071533,1.679858,0.093162
"coefficient","d3_mod_base_inliers_23_25","data",NA,NA,"2026-04-01 15:53:26 UTC",NA,1801,0.664293,0.441286,0.431173,0.422905,249.745805,316.204476,565.950281,32,1768,1800,7.804556,0.178849,43.637762,0,0.422905,2045.802011,2232.669321,0.419013,0.348899,"good",0.18469,0.096937,1.905262,0.056908
"coefficient","d3_mod_base_inliers_23_25","data",NA,NA,"2026-04-01 15:53:26 UTC",NA,1801,0.664293,0.441286,0.431173,0.422905,249.745805,316.204476,565.950281,32,1768,1800,7.804556,0.178849,43.637762,0,0.422905,2045.802011,2232.669321,0.419013,0.348899,"fair",-0.15792,0.023233,-6.79727,0
"coefficient","d3_mod_base_inliers_23_25","data",NA,NA,"2026-04-01 15:53:26 UTC",NA,1801,0.664293,0.441286,0.431173,0.422905,249.745805,316.204476,565.950281,32,1768,1800,7.804556,0.178849,43.637762,0,0.422905,2045.802011,2232.669321,0.419013,0.348899,"poor",-0.348687,0.051524,-6.767481,0
"coefficient","d3_mod_base_inliers_23_25","data",NA,NA,"2026-04-01 15:53:26 UTC",NA,1801,0.664293,0.441286,0.431173,0.422905,249.745805,316.204476,565.950281,32,1768,1800,7.804556,0.178849,43.637762,0,0.422905,2045.802011,2232.669321,0.419013,0.348899,"very_poor_unsound",0.523471,0.213986,2.44629,0.01453
"coefficient","d3_mod_base_inliers_23_25","data",NA,NA,"2026-04-01 15:53:26 UTC",NA,1801,0.664293,0.441286,0.431173,0.422905,249.745805,316.204476,565.950281,32,1768,1800,7.804556,0.178849,43.637762,0,0.422905,2045.802011,2232.669321,0.419013,0.348899,"qbelow_avg",-0.073274,0.02579,-2.841213,0.004546
"coefficient","d3_mod_base_inliers_23_25","data",NA,NA,"2026-04-01 15:53:26 UTC",NA,1801,0.664293,0.441286,0.431173,0.422905,249.745805,316.204476,565.950281,32,1768,1800,7.804556,0.178849,43.637762,0,0.422905,2045.802011,2232.669321,0.419013,0.348899,"yb_pre_1929",-0.199892,0.033206,-6.01976,0
"coefficient","d3_mod_base_inliers_23_25","data",NA,NA,"2026-04-01 15:53:26 UTC",NA,1801,0.664293,0.441286,0.431173,0.422905,249.745805,316.204476,565.950281,32,1768,1800,7.804556,0.178849,43.637762,0,0.422905,2045.802011,2232.669321,0.419013,0.348899,"slab",-0.138912,0.078413,-1.771545,0.076642
"coefficient","d3_mod_base_inliers_23_25","data",NA,NA,"2026-04-01 15:53:26 UTC",NA,1801,0.664293,0.441286,0.431173,0.422905,249.745805,316.204476,565.950281,32,1768,1800,7.804556,0.178849,43.637762,0,0.422905,2045.802011,2232.669321,0.419013,0.348899,"ln_garagespaces",0.079615,0.028062,2.837074,0.004605
"coefficient","d3_mod_base_inliers_23_25","data",NA,NA,"2026-04-01 15:53:26 UTC",NA,1801,0.664293,0.441286,0.431173,0.422905,249.745805,316.204476,565.950281,32,1768,1800,7.804556,0.178849,43.637762,0,0.422905,2045.802011,2232.669321,0.419013,0.348899,"hot_water",0.108711,0.052629,2.0656,0.039012
"coefficient","d3_mod_base_inliers_23_25","data",NA,NA,"2026-04-01 15:53:26 UTC",NA,1801,0.664293,0.441286,0.431173,0.422905,249.745805,316.204476,565.950281,32,1768,1800,7.804556,0.178849,43.637762,0,0.422905,2045.802011,2232.669321,0.419013,0.348899,"central_air",0.108112,0.028604,3.779678,0.000162
"coefficient","d3_mod_base_inliers_23_25","data",NA,NA,"2026-04-01 15:53:26 UTC",NA,1801,0.664293,0.441286,0.431173,0.422905,249.745805,316.204476,565.950281,32,1768,1800,7.804556,0.178849,43.637762,0,0.422905,2045.802011,2232.669321,0.419013,0.348899,"ecf_3R302",1.030995,0.213795,4.822348,2e-06
"coefficient","d3_mod_base_inliers_23_25","data",NA,NA,"2026-04-01 15:53:26 UTC",NA,1801,0.664293,0.441286,0.431173,0.422905,249.745805,316.204476,565.950281,32,1768,1800,7.804556,0.178849,43.637762,0,0.422905,2045.802011,2232.669321,0.419013,0.348899,"ecf_3R303",0.188025,0.039722,4.733551,2e-06
"coefficient","d3_mod_base_inliers_23_25","data",NA,NA,"2026-04-01 15:53:26 UTC",NA,1801,0.664293,0.441286,0.431173,0.422905,249.745805,316.204476,565.950281,32,1768,1800,7.804556,0.178849,43.637762,0,0.422905,2045.802011,2232.669321,0.419013,0.348899,"ecf_3R304",-0.19039,0.079224,-2.403165,0.016356
"coefficient","d3_mod_base_inliers_23_25","data",NA,NA,"2026-04-01 15:53:26 UTC",NA,1801,0.664293,0.441286,0.431173,0.422905,249.745805,316.204476,565.950281,32,1768,1800,7.804556,0.178849,43.637762,0,0.422905,2045.802011,2232.669321,0.419013,0.348899,"ecf_3R306",1.121642,0.07551,14.854158,0
"coefficient","d3_mod_base_inliers_23_25","data",NA,NA,"2026-04-01 15:53:26 UTC",NA,1801,0.664293,0.441286,0.431173,0.422905,249.745805,316.204476,565.950281,32,1768,1800,7.804556,0.178849,43.637762,0,0.422905,2045.802011,2232.669321,0.419013,0.348899,"ecf_3R307",0.286791,0.040144,7.144148,0
"coefficient","d3_mod_base_inliers_23_25","data",NA,NA,"2026-04-01 15:53:26 UTC",NA,1801,0.664293,0.441286,0.431173,0.422905,249.745805,316.204476,565.950281,32,1768,1800,7.804556,0.178849,43.637762,0,0.422905,2045.802011,2232.669321,0.419013,0.348899,"ecf_3R309",-0.230508,0.089719,-2.569225,0.010274
"coefficient","d3_mod_base_inliers_23_25","data",NA,NA,"2026-04-01 15:53:26 UTC",NA,1801,0.664293,0.441286,0.431173,0.422905,249.745805,316.204476,565.950281,32,1768,1800,7.804556,0.178849,43.637762,0,0.422905,2045.802011,2232.669321,0.419013,0.348899,"ecf_3R310",1.191778,0.056878,20.953333,0
"coefficient","d3_mod_base_inliers_23_25","data",NA,NA,"2026-04-01 15:53:26 UTC",NA,1801,0.664293,0.441286,0.431173,0.422905,249.745805,316.204476,565.950281,32,1768,1800,7.804556,0.178849,43.637762,0,0.422905,2045.802011,2232.669321,0.419013,0.348899,"ecf_3R311",0.218599,0.090254,2.422048,0.015533
"coefficient","d3_mod_base_inliers_23_25","data",NA,NA,"2026-04-01 15:53:26 UTC",NA,1801,0.664293,0.441286,0.431173,0.422905,249.745805,316.204476,565.950281,32,1768,1800,7.804556,0.178849,43.637762,0,0.422905,2045.802011,2232.669321,0.419013,0.348899,"ecf_3R314",0.42565,0.065023,6.54617,0
"coefficient","d3_mod_base_inliers_23_25","data",NA,NA,"2026-04-01 15:53:26 UTC",NA,1801,0.664293,0.441286,0.431173,0.422905,249.745805,316.204476,565.950281,32,1768,1800,7.804556,0.178849,43.637762,0,0.422905,2045.802011,2232.669321,0.419013,0.348899,"ecf_3R315",0.375078,0.052438,7.152812,0
"coefficient","d3_mod_base_inliers_23_25","data",NA,NA,"2026-04-01 15:53:26 UTC",NA,1801,0.664293,0.441286,0.431173,0.422905,249.745805,316.204476,565.950281,32,1768,1800,7.804556,0.178849,43.637762,0,0.422905,2045.802011,2232.669321,0.419013,0.348899,"ecf_3R318",0.321606,0.162274,1.981876,0.047648
"coefficient","d3_mod_base_inliers_23_25","data",NA,NA,"2026-04-01 15:53:26 UTC",NA,1801,0.664293,0.441286,0.431173,0.422905,249.745805,316.204476,565.950281,32,1768,1800,7.804556,0.178849,43.637762,0,0.422905,2045.802011,2232.669321,0.419013,0.348899,"ecf_3R319",0.114174,0.036001,3.171371,0.001543
"coefficient","d3_mod_base_inliers_23_25","data",NA,NA,"2026-04-01 15:53:26 UTC",NA,1801,0.664293,0.441286,0.431173,0.422905,249.745805,316.204476,565.950281,32,1768,1800,7.804556,0.178849,43.637762,0,0.422905,2045.802011,2232.669321,0.419013,0.348899,"ecf_3R320",0.259638,0.043319,5.993642,0
"coefficient","d3_mod_base_inliers_23_25","data",NA,NA,"2026-04-01 15:53:26 UTC",NA,1801,0.664293,0.441286,0.431173,0.422905,249.745805,316.204476,565.950281,32,1768,1800,7.804556,0.178849,43.637762,0,0.422905,2045.802011,2232.669321,0.419013,0.348899,"ecf_3R322",0.469472,0.051836,9.056869,0
"coefficient","d3_mod_base_inliers_23_25","data",NA,NA,"2026-04-01 15:53:26 UTC",NA,1801,0.664293,0.441286,0.431173,0.422905,249.745805,316.204476,565.950281,32,1768,1800,7.804556,0.178849,43.637762,0,0.422905,2045.802011,2232.669321,0.419013,0.348899,"ecf_3R323",0.325792,0.042158,7.7279,0
"coefficient","d3_mod_base_inliers_23_25","data",NA,NA,"2026-04-01 15:53:26 UTC",NA,1801,0.664293,0.441286,0.431173,0.422905,249.745805,316.204476,565.950281,32,1768,1800,7.804556,0.178849,43.637762,0,0.422905,2045.802011,2232.669321,0.419013,0.348899,"ecf_3R325",0.192159,0.055541,3.459758,0.000553
"coefficient","d3_mod_base_inliers_23_25","data",NA,NA,"2026-04-01 15:53:26 UTC",NA,1801,0.664293,0.441286,0.431173,0.422905,249.745805,316.204476,565.950281,32,1768,1800,7.804556,0.178849,43.637762,0,0.422905,2045.802011,2232.669321,0.419013,0.348899,"ecf_3R326",-0.382683,0.098776,-3.874259,0.000111
"coefficient","d3_mod_base_inliers_23_25","data",NA,NA,"2026-04-01 15:53:26 UTC",NA,1801,0.664293,0.441286,0.431173,0.422905,249.745805,316.204476,565.950281,32,1768,1800,7.804556,0.178849,43.637762,0,0.422905,2045.802011,2232.669321,0.419013,0.348899,"months_1to9",0.01331,0.004672,2.849193,0.004434
"coefficient","d3_mod_base_inliers_23_25","data",NA,NA,"2026-04-01 15:53:26 UTC",NA,1801,0.664293,0.441286,0.431173,0.422905,249.745805,316.204476,565.950281,32,1768,1800,7.804556,0.178849,43.637762,0,0.422905,2045.802011,2232.669321,0.419013,0.348899,"months_10to16",0.011064,0.004367,2.53365,0.011374
"coefficient","d3_mod_tasp1_23_25","data",NA,NA,"2026-04-01 15:53:26 UTC",NA,1801,0.657984,0.432942,0.423331,0.422718,241.477695,316.281745,557.75944,30,1770,1800,8.049256,0.17869,45.045862,0,0.422718,2042.242059,2218.117174,0.419064,0.349144,"(Intercept)",10.806096,0.034463,313.557515,0
"coefficient","d3_mod_tasp1_23_25","data",NA,NA,"2026-04-01 15:53:26 UTC",NA,1801,0.657984,0.432942,0.423331,0.422718,241.477695,316.281745,557.75944,30,1770,1800,8.049256,0.17869,45.045862,0,0.422718,2042.242059,2218.117174,0.419064,0.349144,"ln_base_bldgsize_ratio",0.514592,0.063431,8.112584,0
"coefficient","d3_mod_tasp1_23_25","data",NA,NA,"2026-04-01 15:53:26 UTC",NA,1801,0.657984,0.432942,0.423331,0.422718,241.477695,316.281745,557.75944,30,1770,1800,8.049256,0.17869,45.045862,0,0.422718,2042.242059,2218.117174,0.419064,0.349144,"largest",0.135057,0.071493,1.889096,0.059042
"coefficient","d3_mod_tasp1_23_25","data",NA,NA,"2026-04-01 15:53:26 UTC",NA,1801,0.657984,0.432942,0.423331,0.422718,241.477695,316.281745,557.75944,30,1770,1800,8.049256,0.17869,45.045862,0,0.422718,2042.242059,2218.117174,0.419064,0.349144,"good",0.177921,0.096839,1.837288,0.066335
"coefficient","d3_mod_tasp1_23_25","data",NA,NA,"2026-04-01 15:53:26 UTC",NA,1801,0.657984,0.432942,0.423331,0.422718,241.477695,316.281745,557.75944,30,1770,1800,8.049256,0.17869,45.045862,0,0.422718,2042.242059,2218.117174,0.419064,0.349144,"fair",-0.157518,0.023218,-6.784333,0
"coefficient","d3_mod_tasp1_23_25","data",NA,NA,"2026-04-01 15:53:26 UTC",NA,1801,0.657984,0.432942,0.423331,0.422718,241.477695,316.281745,557.75944,30,1770,1800,8.049256,0.17869,45.045862,0,0.422718,2042.242059,2218.117174,0.419064,0.349144,"poor",-0.350301,0.051493,-6.802836,0
"coefficient","d3_mod_tasp1_23_25","data",NA,NA,"2026-04-01 15:53:26 UTC",NA,1801,0.657984,0.432942,0.423331,0.422718,241.477695,316.281745,557.75944,30,1770,1800,8.049256,0.17869,45.045862,0,0.422718,2042.242059,2218.117174,0.419064,0.349144,"very_poor_unsound",0.511423,0.213643,2.393825,0.016777
"coefficient","d3_mod_tasp1_23_25","data",NA,NA,"2026-04-01 15:53:26 UTC",NA,1801,0.657984,0.432942,0.423331,0.422718,241.477695,316.281745,557.75944,30,1770,1800,8.049256,0.17869,45.045862,0,0.422718,2042.242059,2218.117174,0.419064,0.349144,"qbelow_avg",-0.0776,0.02579,-3.008885,0.002659
"coefficient","d3_mod_tasp1_23_25","data",NA,NA,"2026-04-01 15:53:26 UTC",NA,1801,0.657984,0.432942,0.423331,0.422718,241.477695,316.281745,557.75944,30,1770,1800,8.049256,0.17869,45.045862,0,0.422718,2042.242059,2218.117174,0.419064,0.349144,"yb_pre_1929",-0.188186,0.034436,-5.464772,0
"coefficient","d3_mod_tasp1_23_25","data",NA,NA,"2026-04-01 15:53:26 UTC",NA,1801,0.657984,0.432942,0.423331,0.422718,241.477695,316.281745,557.75944,30,1770,1800,8.049256,0.17869,45.045862,0,0.422718,2042.242059,2218.117174,0.419064,0.349144,"yb_1946_to_1960",0.038686,0.023164,1.670098,0.095077
"coefficient","d3_mod_tasp1_23_25","data",NA,NA,"2026-04-01 15:53:26 UTC",NA,1801,0.657984,0.432942,0.423331,0.422718,241.477695,316.281745,557.75944,30,1770,1800,8.049256,0.17869,45.045862,0,0.422718,2042.242059,2218.117174,0.419064,0.349144,"ln_garagespaces",0.08496,0.027694,3.067754,0.002189
"coefficient","d3_mod_tasp1_23_25","data",NA,NA,"2026-04-01 15:53:26 UTC",NA,1801,0.657984,0.432942,0.423331,0.422718,241.477695,316.281745,557.75944,30,1770,1800,8.049256,0.17869,45.045862,0,0.422718,2042.242059,2218.117174,0.419064,0.349144,"hot_water",0.111662,0.052524,2.125914,0.033648
"coefficient","d3_mod_tasp1_23_25","data",NA,NA,"2026-04-01 15:53:26 UTC",NA,1801,0.657984,0.432942,0.423331,0.422718,241.477695,316.281745,557.75944,30,1770,1800,8.049256,0.17869,45.045862,0,0.422718,2042.242059,2218.117174,0.419064,0.349144,"wall",-0.320778,0.193673,-1.656289,0.097841
"coefficient","d3_mod_tasp1_23_25","data",NA,NA,"2026-04-01 15:53:26 UTC",NA,1801,0.657984,0.432942,0.423331,0.422718,241.477695,316.281745,557.75944,30,1770,1800,8.049256,0.17869,45.045862,0,0.422718,2042.242059,2218.117174,0.419064,0.349144,"central_air",0.111026,0.028547,3.889241,0.000104
"coefficient","d3_mod_tasp1_23_25","data",NA,NA,"2026-04-01 15:53:26 UTC",NA,1801,0.657984,0.432942,0.423331,0.422718,241.477695,316.281745,557.75944,30,1770,1800,8.049256,0.17869,45.045862,0,0.422718,2042.242059,2218.117174,0.419064,0.349144,"ecf_3R302",1.046633,0.213914,4.892786,1e-06
"coefficient","d3_mod_tasp1_23_25","data",NA,NA,"2026-04-01 15:53:26 UTC",NA,1801,0.657984,0.432942,0.423331,0.422718,241.477695,316.281745,557.75944,30,1770,1800,8.049256,0.17869,45.045862,0,0.422718,2042.242059,2218.117174,0.419064,0.349144,"ecf_3R303",0.189932,0.039671,4.787654,2e-06
"coefficient","d3_mod_tasp1_23_25","data",NA,NA,"2026-04-01 15:53:26 UTC",NA,1801,0.657984,0.432942,0.423331,0.422718,241.477695,316.281745,557.75944,30,1770,1800,8.049256,0.17869,45.045862,0,0.422718,2042.242059,2218.117174,0.419064,0.349144,"ecf_3R304",-0.204359,0.078566,-2.601105,0.00937
"coefficient","d3_mod_tasp1_23_25","data",NA,NA,"2026-04-01 15:53:26 UTC",NA,1801,0.657984,0.432942,0.423331,0.422718,241.477695,316.281745,557.75944,30,1770,1800,8.049256,0.17869,45.045862,0,0.422718,2042.242059,2218.117174,0.419064,0.349144,"ecf_3R306",1.086737,0.073995,14.686608,0
"coefficient","d3_mod_tasp1_23_25","data",NA,NA,"2026-04-01 15:53:26 UTC",NA,1801,0.657984,0.432942,0.423331,0.422718,241.477695,316.281745,557.75944,30,1770,1800,8.049256,0.17869,45.045862,0,0.422718,2042.242059,2218.117174,0.419064,0.349144,"ecf_3R307",0.293378,0.040202,7.297656,0
"coefficient","d3_mod_tasp1_23_25","data",NA,NA,"2026-04-01 15:53:26 UTC",NA,1801,0.657984,0.432942,0.423331,0.422718,241.477695,316.281745,557.75944,30,1770,1800,8.049256,0.17869,45.045862,0,0.422718,2042.242059,2218.117174,0.419064,0.349144,"ecf_3R309",-0.233216,0.089615,-2.602426,0.009334
"coefficient","d3_mod_tasp1_23_25","data",NA,NA,"2026-04-01 15:53:26 UTC",NA,1801,0.657984,0.432942,0.423331,0.422718,241.477695,316.281745,557.75944,30,1770,1800,8.049256,0.17869,45.045862,0,0.422718,2042.242059,2218.117174,0.419064,0.349144,"ecf_3R310",1.16962,0.055764,20.974339,0
"coefficient","d3_mod_tasp1_23_25","data",NA,NA,"2026-04-01 15:53:26 UTC",NA,1801,0.657984,0.432942,0.423331,0.422718,241.477695,316.281745,557.75944,30,1770,1800,8.049256,0.17869,45.045862,0,0.422718,2042.242059,2218.117174,0.419064,0.349144,"ecf_3R311",0.221547,0.090519,2.447505,0.014481
"coefficient","d3_mod_tasp1_23_25","data",NA,NA,"2026-04-01 15:53:26 UTC",NA,1801,0.657984,0.432942,0.423331,0.422718,241.477695,316.281745,557.75944,30,1770,1800,8.049256,0.17869,45.045862,0,0.422718,2042.242059,2218.117174,0.419064,0.349144,"ecf_3R314",0.443085,0.065364,6.778745,0
"coefficient","d3_mod_tasp1_23_25","data",NA,NA,"2026-04-01 15:53:26 UTC",NA,1801,0.657984,0.432942,0.423331,0.422718,241.477695,316.281745,557.75944,30,1770,1800,8.049256,0.17869,45.045862,0,0.422718,2042.242059,2218.117174,0.419064,0.349144,"ecf_3R315",0.38617,0.052694,7.328518,0
"coefficient","d3_mod_tasp1_23_25","data",NA,NA,"2026-04-01 15:53:26 UTC",NA,1801,0.657984,0.432942,0.423331,0.422718,241.477695,316.281745,557.75944,30,1770,1800,8.049256,0.17869,45.045862,0,0.422718,2042.242059,2218.117174,0.419064,0.349144,"ecf_3R318",0.303413,0.16214,1.871302,0.061468
"coefficient","d3_mod_tasp1_23_25","data",NA,NA,"2026-04-01 15:53:26 UTC",NA,1801,0.657984,0.432942,0.423331,0.422718,241.477695,316.281745,557.75944,30,1770,1800,8.049256,0.17869,45.045862,0,0.422718,2042.242059,2218.117174,0.419064,0.349144,"ecf_3R319",0.126312,0.036028,3.505955,0.000466
"coefficient","d3_mod_tasp1_23_25","data",NA,NA,"2026-04-01 15:53:26 UTC",NA,1801,0.657984,0.432942,0.423331,0.422718,241.477695,316.281745,557.75944,30,1770,1800,8.049256,0.17869,45.045862,0,0.422718,2042.242059,2218.117174,0.419064,0.349144,"ecf_3R320",0.268344,0.043259,6.203212,0
"coefficient","d3_mod_tasp1_23_25","data",NA,NA,"2026-04-01 15:53:26 UTC",NA,1801,0.657984,0.432942,0.423331,0.422718,241.477695,316.281745,557.75944,30,1770,1800,8.049256,0.17869,45.045862,0,0.422718,2042.242059,2218.117174,0.419064,0.349144,"ecf_3R322",0.479147,0.051534,9.297644,0
"coefficient","d3_mod_tasp1_23_25","data",NA,NA,"2026-04-01 15:53:26 UTC",NA,1801,0.657984,0.432942,0.423331,0.422718,241.477695,316.281745,557.75944,30,1770,1800,8.049256,0.17869,45.045862,0,0.422718,2042.242059,2218.117174,0.419064,0.349144,"ecf_3R323",0.339919,0.04152,8.186915,0
"coefficient","d3_mod_tasp1_23_25","data",NA,NA,"2026-04-01 15:53:26 UTC",NA,1801,0.657984,0.432942,0.423331,0.422718,241.477695,316.281745,557.75944,30,1770,1800,8.049256,0.17869,45.045862,0,0.422718,2042.242059,2218.117174,0.419064,0.349144,"ecf_3R325",0.221581,0.054676,4.052623,5.3e-05
"coefficient","d3_mod_tasp1_23_25","data",NA,NA,"2026-04-01 15:53:26 UTC",NA,1801,0.657984,0.432942,0.423331,0.422718,241.477695,316.281745,557.75944,30,1770,1800,8.049256,0.17869,45.045862,0,0.422718,2042.242059,2218.117174,0.419064,0.349144,"ecf_3R326",-0.407262,0.098042,-4.153968,3.4e-05
"coefficient","d3_mod_tasp2_23_25","data",NA,NA,"2026-04-01 15:53:26 UTC",NA,1801,0.657938,0.432882,0.422944,0.42286,241.44398,316.315459,557.75944,31,1769,1800,7.788515,0.17881,43.557416,0,0.42286,2044.434027,2225.805239,0.419086,0.348855,"(Intercept)",9.146202,0.225259,40.603084,0
"coefficient","d3_mod_tasp2_23_25","data",NA,NA,"2026-04-01 15:53:26 UTC",NA,1801,0.657938,0.432882,0.422944,0.42286,241.44398,316.315459,557.75944,31,1769,1800,7.788515,0.17881,43.557416,0,0.42286,2044.434027,2225.805239,0.419086,0.348855,"ln_landratio",0.118705,0.059208,2.00488,0.045128
"coefficient","d3_mod_tasp2_23_25","data",NA,NA,"2026-04-01 15:53:26 UTC",NA,1801,0.657938,0.432882,0.422944,0.42286,241.44398,316.315459,557.75944,31,1769,1800,7.788515,0.17881,43.557416,0,0.42286,2044.434027,2225.805239,0.419086,0.348855,"lnsbldsfint",0.26618,0.034359,7.746929,0
"coefficient","d3_mod_tasp2_23_25","data",NA,NA,"2026-04-01 15:53:26 UTC",NA,1801,0.657938,0.432882,0.422944,0.42286,241.44398,316.315459,557.75944,31,1769,1800,7.788515,0.17881,43.557416,0,0.42286,2044.434027,2225.805239,0.419086,0.348855,"small",-0.043701,0.022924,-1.906294,0.056774
"coefficient","d3_mod_tasp2_23_25","data",NA,NA,"2026-04-01 15:53:26 UTC",NA,1801,0.657938,0.432882,0.422944,0.42286,241.44398,316.315459,557.75944,31,1769,1800,7.788515,0.17881,43.557416,0,0.42286,2044.434027,2225.805239,0.419086,0.348855,"largest",0.185655,0.069356,2.676829,0.007501
"coefficient","d3_mod_tasp2_23_25","data",NA,NA,"2026-04-01 15:53:26 UTC",NA,1801,0.657938,0.432882,0.422944,0.42286,241.44398,316.315459,557.75944,31,1769,1800,7.788515,0.17881,43.557416,0,0.42286,2044.434027,2225.805239,0.419086,0.348855,"good",0.185531,0.096903,1.914607,0.055704
"coefficient","d3_mod_tasp2_23_25","data",NA,NA,"2026-04-01 15:53:26 UTC",NA,1801,0.657938,0.432882,0.422944,0.42286,241.44398,316.315459,557.75944,31,1769,1800,7.788515,0.17881,43.557416,0,0.42286,2044.434027,2225.805239,0.419086,0.348855,"fair",-0.155754,0.023265,-6.694776,0
"coefficient","d3_mod_tasp2_23_25","data",NA,NA,"2026-04-01 15:53:26 UTC",NA,1801,0.657938,0.432882,0.422944,0.42286,241.44398,316.315459,557.75944,31,1769,1800,7.788515,0.17881,43.557416,0,0.42286,2044.434027,2225.805239,0.419086,0.348855,"poor",-0.356688,0.051435,-6.934806,0
"coefficient","d3_mod_tasp2_23_25","data",NA,NA,"2026-04-01 15:53:26 UTC",NA,1801,0.657938,0.432882,0.422944,0.42286,241.44398,316.315459,557.75944,31,1769,1800,7.788515,0.17881,43.557416,0,0.42286,2044.434027,2225.805239,0.419086,0.348855,"very_poor_unsound",0.519483,0.213749,2.430345,0.015183
"coefficient","d3_mod_tasp2_23_25","data",NA,NA,"2026-04-01 15:53:26 UTC",NA,1801,0.657938,0.432882,0.422944,0.42286,241.44398,316.315459,557.75944,31,1769,1800,7.788515,0.17881,43.557416,0,0.42286,2044.434027,2225.805239,0.419086,0.348855,"qbelow_avg",-0.072014,0.025727,-2.799196,0.005179
"coefficient","d3_mod_tasp2_23_25","data",NA,NA,"2026-04-01 15:53:26 UTC",NA,1801,0.657938,0.432882,0.422944,0.42286,241.44398,316.315459,557.75944,31,1769,1800,7.788515,0.17881,43.557416,0,0.42286,2044.434027,2225.805239,0.419086,0.348855,"yb_pre_1929",-0.193843,0.033567,-5.774776,0
"coefficient","d3_mod_tasp2_23_25","data",NA,NA,"2026-04-01 15:53:26 UTC",NA,1801,0.657938,0.432882,0.422944,0.42286,241.44398,316.315459,557.75944,31,1769,1800,7.788515,0.17881,43.557416,0,0.42286,2044.434027,2225.805239,0.419086,0.348855,"garage",0.054228,0.024599,2.204423,0.027623
"coefficient","d3_mod_tasp2_23_25","data",NA,NA,"2026-04-01 15:53:26 UTC",NA,1801,0.657938,0.432882,0.422944,0.42286,241.44398,316.315459,557.75944,31,1769,1800,7.788515,0.17881,43.557416,0,0.42286,2044.434027,2225.805239,0.419086,0.348855,"hot_water",0.110337,0.052501,2.101617,0.035728
"coefficient","d3_mod_tasp2_23_25","data",NA,NA,"2026-04-01 15:53:26 UTC",NA,1801,0.657938,0.432882,0.422944,0.42286,241.44398,316.315459,557.75944,31,1769,1800,7.788515,0.17881,43.557416,0,0.42286,2044.434027,2225.805239,0.419086,0.348855,"wall",-0.335794,0.194113,-1.729889,0.083825
"coefficient","d3_mod_tasp2_23_25","data",NA,NA,"2026-04-01 15:53:26 UTC",NA,1801,0.657938,0.432882,0.422944,0.42286,241.44398,316.315459,557.75944,31,1769,1800,7.788515,0.17881,43.557416,0,0.42286,2044.434027,2225.805239,0.419086,0.348855,"central_air",0.112542,0.028508,3.94774,8.2e-05
"coefficient","d3_mod_tasp2_23_25","data",NA,NA,"2026-04-01 15:53:26 UTC",NA,1801,0.657938,0.432882,0.422944,0.42286,241.44398,316.315459,557.75944,31,1769,1800,7.788515,0.17881,43.557416,0,0.42286,2044.434027,2225.805239,0.419086,0.348855,"ecf_3R302",1.047355,0.213592,4.903523,1e-06
"coefficient","d3_mod_tasp2_23_25","data",NA,NA,"2026-04-01 15:53:26 UTC",NA,1801,0.657938,0.432882,0.422944,0.42286,241.44398,316.315459,557.75944,31,1769,1800,7.788515,0.17881,43.557416,0,0.42286,2044.434027,2225.805239,0.419086,0.348855,"ecf_3R303",0.191314,0.039794,4.807586,2e-06
"coefficient","d3_mod_tasp2_23_25","data",NA,NA,"2026-04-01 15:53:26 UTC",NA,1801,0.657938,0.432882,0.422944,0.42286,241.44398,316.315459,557.75944,31,1769,1800,7.788515,0.17881,43.557416,0,0.42286,2044.434027,2225.805239,0.419086,0.348855,"ecf_3R304",-0.186792,0.079296,-2.355625,0.0186
"coefficient","d3_mod_tasp2_23_25","data",NA,NA,"2026-04-01 15:53:26 UTC",NA,1801,0.657938,0.432882,0.422944,0.42286,241.44398,316.315459,557.75944,31,1769,1800,7.788515,0.17881,43.557416,0,0.42286,2044.434027,2225.805239,0.419086,0.348855,"ecf_3R306",1.101397,0.074641,14.755932,0
"coefficient","d3_mod_tasp2_23_25","data",NA,NA,"2026-04-01 15:53:26 UTC",NA,1801,0.657938,0.432882,0.422944,0.42286,241.44398,316.315459,557.75944,31,1769,1800,7.788515,0.17881,43.557416,0,0.42286,2044.434027,2225.805239,0.419086,0.348855,"ecf_3R307",0.287931,0.040264,7.150995,0
"coefficient","d3_mod_tasp2_23_25","data",NA,NA,"2026-04-01 15:53:26 UTC",NA,1801,0.657938,0.432882,0.422944,0.42286,241.44398,316.315459,557.75944,31,1769,1800,7.788515,0.17881,43.557416,0,0.42286,2044.434027,2225.805239,0.419086,0.348855,"ecf_3R309",-0.225103,0.089771,-2.507512,0.012247
"coefficient","d3_mod_tasp2_23_25","data",NA,NA,"2026-04-01 15:53:26 UTC",NA,1801,0.657938,0.432882,0.422944,0.42286,241.44398,316.315459,557.75944,31,1769,1800,7.788515,0.17881,43.557416,0,0.42286,2044.434027,2225.805239,0.419086,0.348855,"ecf_3R310",1.184834,0.056342,21.029159,0
"coefficient","d3_mod_tasp2_23_25","data",NA,NA,"2026-04-01 15:53:26 UTC",NA,1801,0.657938,0.432882,0.422944,0.42286,241.44398,316.315459,557.75944,31,1769,1800,7.788515,0.17881,43.557416,0,0.42286,2044.434027,2225.805239,0.419086,0.348855,"ecf_3R311",0.229438,0.090418,2.53752,0.011249
"coefficient","d3_mod_tasp2_23_25","data",NA,NA,"2026-04-01 15:53:26 UTC",NA,1801,0.657938,0.432882,0.422944,0.42286,241.44398,316.315459,557.75944,31,1769,1800,7.788515,0.17881,43.557416,0,0.42286,2044.434027,2225.805239,0.419086,0.348855,"ecf_3R314",0.435569,0.065299,6.67033,0
"coefficient","d3_mod_tasp2_23_25","data",NA,NA,"2026-04-01 15:53:26 UTC",NA,1801,0.657938,0.432882,0.422944,0.42286,241.44398,316.315459,557.75944,31,1769,1800,7.788515,0.17881,43.557416,0,0.42286,2044.434027,2225.805239,0.419086,0.348855,"ecf_3R315",0.375826,0.052482,7.160992,0
"coefficient","d3_mod_tasp2_23_25","data",NA,NA,"2026-04-01 15:53:26 UTC",NA,1801,0.657938,0.432882,0.422944,0.42286,241.44398,316.315459,557.75944,31,1769,1800,7.788515,0.17881,43.557416,0,0.42286,2044.434027,2225.805239,0.419086,0.348855,"ecf_3R318",0.326776,0.162288,2.013554,0.044208
"coefficient","d3_mod_tasp2_23_25","data",NA,NA,"2026-04-01 15:53:26 UTC",NA,1801,0.657938,0.432882,0.422944,0.42286,241.44398,316.315459,557.75944,31,1769,1800,7.788515,0.17881,43.557416,0,0.42286,2044.434027,2225.805239,0.419086,0.348855,"ecf_3R319",0.117813,0.036065,3.266683,0.001109
"coefficient","d3_mod_tasp2_23_25","data",NA,NA,"2026-04-01 15:53:26 UTC",NA,1801,0.657938,0.432882,0.422944,0.42286,241.44398,316.315459,557.75944,31,1769,1800,7.788515,0.17881,43.557416,0,0.42286,2044.434027,2225.805239,0.419086,0.348855,"ecf_3R320",0.26393,0.043432,6.076925,0
"coefficient","d3_mod_tasp2_23_25","data",NA,NA,"2026-04-01 15:53:26 UTC",NA,1801,0.657938,0.432882,0.422944,0.42286,241.44398,316.315459,557.75944,31,1769,1800,7.788515,0.17881,43.557416,0,0.42286,2044.434027,2225.805239,0.419086,0.348855,"ecf_3R322",0.462391,0.052171,8.862918,0
"coefficient","d3_mod_tasp2_23_25","data",NA,NA,"2026-04-01 15:53:26 UTC",NA,1801,0.657938,0.432882,0.422944,0.42286,241.44398,316.315459,557.75944,31,1769,1800,7.788515,0.17881,43.557416,0,0.42286,2044.434027,2225.805239,0.419086,0.348855,"ecf_3R323",0.325679,0.042152,7.726317,0
"coefficient","d3_mod_tasp2_23_25","data",NA,NA,"2026-04-01 15:53:26 UTC",NA,1801,0.657938,0.432882,0.422944,0.42286,241.44398,316.315459,557.75944,31,1769,1800,7.788515,0.17881,43.557416,0,0.42286,2044.434027,2225.805239,0.419086,0.348855,"ecf_3R325",0.20388,0.05554,3.670907,0.000249
"coefficient","d3_mod_tasp2_23_25","data",NA,NA,"2026-04-01 15:53:26 UTC",NA,1801,0.657938,0.432882,0.422944,0.42286,241.44398,316.315459,557.75944,31,1769,1800,7.788515,0.17881,43.557416,0,0.42286,2044.434027,2225.805239,0.419086,0.348855,"ecf_3R326",-0.400452,0.098336,-4.072275,4.9e-05
