OBJECTID,Name,SourceID,SourceOID,PosAlong,SideOfEdge,CurbApproach,Status,SnapX,SnapY,SnapZ,DistanceToNetworkInMeters,Attr_Length,Cutoff_Length,x_coord,y_coord,x_coord_dd,y_coord_dd
1,Old Redford Academy - Elementary,1,46065,0.5573537960968433,1,0,0,13422222.81955381,335706.6706036776,0,0,0,NA,-083° 15.591',+42° 24.948',-83.2598454,42.4157969
2,Lincoln-King Adams Young School - Grove Campus,1,43078,0.2030801940445421,1,0,0,13444581.29982757,335351.5088511432,0,0,0,NA,-083° 10.624',+42° 24.839',-83.17707139,42.41398569
3,Detroit Innovation Academy,1,15557,0.0756060389557018,1,0,0,13433735.94063842,319107.5566593475,0,0,0,NA,-083° 13.083',+42° 22.19',-83.21805109,42.36982819
4,Detroit International Academy for Young Women,1,45885,0.5109030131850184,2,0,0,13479299.0078139,335326.1796224414,0,0,0,NA,-083° 2.911',+42° 24.75',-83.04852115,42.41249742
5,New Paradigm Glazer Academy,1,23281,0.737073686368928,1,0,0,13460798.88888276,329943.580264791,0,0,0,NA,-083° 7.039',+42° 23.91',-83.11731782,42.39850278
6,Neinas Dual Language Learning Academy,1,34063,0.4352415363981572,1,0,0,13463906.40117719,300464.8735413839,0,0,0,NA,-083° 6.447',+42° 19.05',-83.10744641,42.31749214
7,Maybury Elementary School,1,5022,0.3675062635290872,1,0,0,13467652.10491703,300086.1313733747,0,0,0,NA,-083° 5.617',+42° 18.978',-83.09361941,42.31629838
8,Ronald Brown Academy,1,50056,0.2620327618646258,1,0,0,13506317.76789909,333106.5872866188,0,0,0,NA,-082° 56.917',+42° 24.312',-82.94861964,42.40520272
9,KIPP Detroit Imani Academy,1,8131,0.7561949823261178,1,0,0,13430212.652241,317062.8783544599,0,0,0,NA,-083° 13.871',+42° 21.861',-83.23119024,42.36434904
10,W-A-Y Academy - Chicago Site,1,8131,0.7561949823261178,1,0,0,13430212.652241,317062.8783544599,0,0,0,NA,-083° 13.871',+42° 21.861',-83.23119024,42.36434904
11,Wayne Elementary School,1,7405,0.7985420063907245,2,0,0,13504313.99282314,336816.913855461,0,0,0,NA,-082° 57.348',+42° 24.929',-82.95580777,42.41547516
12,Detroit Premier Academy,1,7216,0.5594030845389996,2,0,0,13437114.93407072,311807.9407733574,0,0,0,NA,-083° 12.355',+42° 20.98',-83.20592037,42.34967201
13,Thirkell Elementary-Middle School,1,47773,0.8532603945769757,2,0,0,13466446.59092226,318550.5201668369,0,0,0,NA,-083° 5.823',+42° 22.021',-83.09704674,42.36701074
14,Marion Law Academy,1,11154,0.6111180938872435,1,0,0,13484502.11435333,344681.036179509,0,0,0,NA,-083° 1.722',+42° 26.276',-83.02870528,42.43793966
15,Garvey Academy,1,38014,0.526840103588978,2,0,0,13492510.11993593,315684.6254610906,0,0,0,NA,-083° 0.047',+42° 21.482',-83.000785,42.35802802
16,Christ the King School,1,44221,0.3641835174794225,1,0,0,13425194.76823591,334947.5456183136,0,0,0,NA,-083° 14.933',+42° 24.816',-83.24887758,42.41360623
17,Adams-Young Building,1,21758,0.3402913864382482,2,0,0,13445364.50274686,335744.7217200369,0,0,0,NA,-083° 10.449',+42° 24.902',-83.17415068,42.41503419
18,"Edward ""Duke"" Ellington at Beckham",1,45489,0.6013441185300494,1,0,0,13497825.2908639,333982.0103122595,0,0,0,NA,-082° 58.8',+42° 24.48',-82.9800071,42.40799278
19,Renaissance High School,1,6622,0.7959972343024646,1,0,0,13439949.30781014,336103.3319068025,0,0,0,NA,-083° 11.651',+42° 24.974',-83.19418426,42.41622686
20,The SER Learning Academy - East,1,42601,0.1480582413560026,2,0,0,13497736.15183131,327943.148682924,0,0,0,NA,-082° 58.842',+42° 23.486',-82.98070521,42.39142781
21,Southeastern High School,1,50076,0.7055726740417998,2,0,0,13498703.35480247,322012.3833805028,0,0,0,NA,-082° 58.649',+42° 22.507',-82.97748747,42.37511166
22,Cesar Chavez Academy Elementary,1,12754,0.809664486543839,2,0,0,13457963.49046569,297993.4675671483,0,0,0,NA,-083° 7.773',+42° 18.657',-83.12955224,42.31095284
23,Waldorf School Assn. of Michigan,1,19756,0.3942352529364397,2,0,0,13493212.70137201,318171.491220977,0,0,0,NA,-082° 59.882',+42° 21.889',-82.9980363,42.36482003
24,Bagley Elementary School of Journalism and Technology,1,43011,0.6704148673251235,2,0,0,13451400.7141925,339411.089205182,0,0,0,NA,-083° 9.096',+42° 25.491',-83.15160325,42.42485721
25,Pathways Academy,1,3520,0.5979374250770831,2,0,0,13500673.48263559,318201.9873820205,0,0,0,NA,-082° 58.226',+42° 21.874',-82.97043104,42.36456755
26,Hope Academy,1,42908,0.1064156565395701,2,0,0,13456289.17450635,323014.4199699749,0,0,0,NA,-083° 8.063',+42° 22.78',-83.13438783,42.37967291
27,Detroit Leadership Academy K-8,1,25549,0.4649940393844041,2,0,0,13419342.33038099,324219.7523605361,0,0,0,NA,-083° 16.264',+42° 23.063',-83.27106546,42.38438173
28,Detroit Christian Schools of Excellence,1,53244,0.4738715967067992,2,0,0,13438451.95988544,342566.1588078333,0,0,0,NA,-083° 11.964',+42° 26.041',-83.19939712,42.43401686
29,Holy Redeemer Elementary School,1,8815,0.1912416992384587,1,0,0,13465641.56081575,299970.151896357,0,0,0,NA,-083° 6.064',+42° 18.964',-83.10105887,42.31606333
30,Vernor Elementary School,1,31977,0.1919702583156124,2,0,0,13443125.0058888,344359.4740978605,0,0,0,NA,-083° 10.92',+42° 26.325',-83.18199447,42.43875831
31,Pershing High School,1,37667,0.6742945045347748,1,0,0,13474882.09805102,342765.8755098569,0,0,0,NA,-083° 3.867',+42° 25.986',-83.0644495,42.43309881
32,Brenda Scott Academy for Theatre Arts,1,36628,0.3907534051783215,1,0,0,13491102.49566395,341719.3070741044,0,0,0,NA,-083° 0.266',+42° 25.771',-83.00443392,42.429523
33,Edison Elementary School,1,22345,0.730529243174172,2,0,0,13435096.64613232,329217.6789640559,0,0,0,NA,-083° 12.75',+42° 23.851',-83.21250326,42.39751773
34,Academy of The Americas High School,1,6421,0.4530215642924345,1,0,0,13462868.75094143,304093.7824534094,0,0,0,NA,-083° 6.665',+42° 19.649',-83.1110826,42.32749165
35,University Preparatory Academy (PSAD) - Elementary,1,47443,0.2274179826499901,2,0,0,13472855.35990014,318196.7669846735,0,0,0,NA,-083° 4.401',+42° 21.946',-83.0733544,42.36577245
36,Marquette Elementary-Middle School,1,19515,0.5216208548764439,2,0,0,13513328.25038859,338662.7157383696,0,0,0,NA,-082° 55.339',+42° 25.207',-82.92231282,42.42012008
37,Mackenzie Elementary-Middle School,1,48277,0.4591918674464102,2,0,0,13449505.90175319,317992.4527869185,0,0,0,NA,-083° 9.585',+42° 21.97',-83.15975785,42.36616319
38,Oakland International Academy - Middle,1,12747,0.6273904663612652,2,0,0,13481086.69428208,327053.5772469941,0,0,0,NA,-083° 2.543',+42° 23.383',-83.04238376,42.38972239
39,Keidan Special Education Center,1,16104,0.910284674731452,2,0,0,13457731.14606895,321135.7963736292,0,0,0,NA,-083° 7.749',+42° 22.468',-83.1291536,42.37446029
40,Burton International Academy,1,14545,0.2225342267835035,1,0,0,13471554.55730186,308737.9305164469,0,0,0,NA,-083° 4.722',+42° 20.392',-83.07870269,42.3398742
41,John R. King Academic and Performing Arts Academy,1,53200,0.5601322997234897,1,0,0,13441650.38959468,333236.7625082215,0,0,0,NA,-083° 11.282',+42° 24.498',-83.18803377,42.4082963
42,Henry Ford High School,1,19162,0.8200292910604232,2,0,0,13428374.53802492,344750.536635524,0,0,0,NA,-083° 14.197',+42° 26.423',-83.23661608,42.44038772
43,Noble Elementary-Middle School,1,25722,0.6668091465452153,1,0,0,13450571.79995224,323350.7385950579,0,0,0,NA,-083° 9.332',+42° 22.849',-83.15552881,42.38082335
44,The International Vocations and Careers School,1,33231,0.9434674666359079,2,0,0,13460711.41627652,344495.5263940885,0,0,0,NA,-083° 7.011',+42° 26.306',-83.11684189,42.43843392
45,Roberto Clemente Learning Academy,1,13320,0.6864573737938822,2,0,0,13461722.15326397,297341.6507342127,0,0,0,NA,-083° 6.942',+42° 18.541',-83.11569337,42.30901199
46,Cesar Chavez High School,1,12752,0.2779068580004485,1,0,0,13462051.89930783,298303.021003555,0,0,0,NA,-083° 6.865',+42° 18.698',-83.11442157,42.31163635
47,University Preparatory Art & Design Elementary,1,27172,0.5102948058629473,1,0,0,13467731.29420653,325779.5135081584,0,0,0,NA,-083° 5.513',+42° 23.208',-83.0918883,42.3867923
48,Evergreen Lutheran School,1,37752,0.7990983366832424,1,0,0,13428976.10203645,314199.3816942858,0,0,0,NA,-083° 14.154',+42° 21.392',-83.23590771,42.35653769
49,Sampson-Webber Leadership Academy,1,28275,0.7803729933418665,1,0,0,13460816.14933968,313550.071613378,0,0,0,NA,-083° 7.089',+42° 21.211',-83.11815393,42.35352157
50,WAY Michigan,1,47089,0.2758771918020022,1,0,0,13481319.39936097,306365.8773267507,0,0,0,NA,-083° 2.564',+42° 19.977',-83.04272664,42.3329502
51,Muhammad University of Islam,1,30073,0.5335157544796502,1,0,0,13427803.80483647,341142.6387027742,0,0,0,NA,-083° 14.335',+42° 25.831',-83.23890937,42.43050919
52,Coleman A. Young Elementary School,1,53203,0.5563969831760306,1,0,0,13441060.17322226,332537.5600591515,0,0,0,NA,-083° 11.415',+42° 24.384',-83.19025524,42.40640045
53,Dixon Elementary School,1,8099,0.3984982434580579,2,0,0,13426035.89515074,313398.7203962001,0,0,0,NA,-083° 14.809',+42° 21.267',-83.24682437,42.35444862
54,Detroit Cristo Rey High School,1,8584,0,1,0,0,13465205.84678477,300092.7962598354,0,0,0,NA,-083° 6.16',+42° 18.985',-83.1026629,42.3164178
55,Plymouth Educational Center,1,3769,0.4838337745297475,1,0,0,13479779.65137092,316398.008148248,0,0,0,NA,-083° 2.87',+42° 21.633',-83.0478394,42.36054232
56,University Preparatory Academy (PSAD) - Middle,1,26177,0.2294510468925072,1,0,0,13476852.2134361,316960.759547992,0,0,0,NA,-083° 3.518',+42° 21.733',-83.05863742,42.36221169
57,Detroit Service Learning Academy Campus,1,10082,1,2,0,0,13423214.085958,340061.0912073553,0,0,0,NA,-083° 15.358',+42° 25.663',-83.255962,42.427709
58,Cass Technical High School,1,33534,0.51637044962972245,2,0,0,13476706.37379764,308529.2170041226,0,0,0,NA,-083° 3.58',+42° 20.345',-83.05966128,42.33908368
59,Cesar Chavez Academy Intermediate,1,14573,0.5573497631352717,1,0,0,13459179.99741911,304447.228881276,0,0,0,NA,-083° 7.482',+42° 19.717',-83.1247032,42.32861157
60,Osborn High School,1,37697,0.1337404691833174,1,0,0,13491370.04639323,343524.7557464608,0,0,0,NA,-083° 0.2',+42° 26.068',-83.00333472,42.4344648
61,Priest Elementary-Middle School,1,48326,0.845590454083766,1,0,0,13454049.20832477,307204.3496820892,0,0,0,NA,-083° 8.612',+42° 20.183',-83.14352757,42.33638269
62,University Preparatory Art & Design Middle/High,1,16176,0.731558420523267,2,0,0,13472258.27958635,319001.8006484498,0,0,0,NA,-083° 4.531',+42° 22.08',-83.07551787,42.36800643
63,Davis Aerospace Technical High School at Golightly,1,10,0.2513301902980403,2,0,0,13505680.11023623,319848.3645013124,0,0,0,NA,-082° 57.108',+42° 22.131',-82.9518053,42.3688554
64,Pasteur Elementary School,1,44452,0.3332524751046183,1,0,0,13453708.81736249,344312.4643287399,0,0,0,NA,-083° 8.567',+42° 26.293',-83.14279136,42.43821391
65,Covenant High School East,1,31387,0.3961032264729649,1,0,0,13490318.36838161,326789.1209794975,0,0,0,NA,-083° 0.494',+42° 23.316',-83.00823034,42.3885932
66,Weston Preparatory Academy,1,5705,0.5119584004039636,1,0,0,13419223.00186025,343975.6897844115,0,0,0,NA,-083° 16.233',+42° 26.316',-83.27055511,42.43859365
67,MacDowell Preparatory Academy,1,54174,0.6615976757673278,2,0,0,13447621.54338131,342793.4103511497,0,0,0,NA,-083° 9.925',+42° 26.057',-83.16542064,42.43428648
68,Gardner Elementary School,1,52684,0.861969767074815,1,0,0,13438167.61259817,308103.6816509031,0,0,0,NA,-083° 12.133',+42° 20.368',-83.20221598,42.33946823
69,Moses Field Center,1,37201,0.6067496628513327,2,0,0,13492477.53181347,313769.6097020719,0,0,0,NA,-083° 0.061',+42° 21.167',-83.00102048,42.35277516
70,University Yes Academy,1,15488,0.5233116536739972,2,0,0,13440790.15781187,338453.5544712609,0,0,0,NA,-083° 11.457',+42° 25.359',-83.19094905,42.42264329
71,Detroit Leadership Academy High School,1,52093,0.3517388801961722,2,0,0,13430026.98030033,305044.2975329054,0,0,0,NA,-083° 13.949',+42° 19.883',-83.2324763,42.33137868
72,Detroit Public Safety Academy,1,38228,0.852827403492312,2,0,0,13474655.02460604,303509.4351007142,0,0,0,NA,-083° 4.052',+42° 19.524',-83.06753436,42.32539765
73,Brewer Academy,1,10949,0.7368461067091263,1,0,0,13502142.20760418,341763.5999686142,0,0,0,NA,-082° 57.813',+42° 25.749',-82.96354417,42.42914704
74,Blackwell Institute,1,29108,0.6397752113856683,1,0,0,13490907.03686951,326932.7749359184,0,0,0,NA,-083° 0.363',+42° 23.338',-83.00604295,42.38896127
75,Loyola High School,1,16777,0.3316081294207938,1,0,0,13447278.21666641,331345.3905150746,0,0,0,NA,-083° 10.038',+42° 24.173',-83.16729645,42.40288861
76,Turning Point Academy,1,17422,0.5245820728262324,2,0,0,13493730.42784353,342013.2435692253,0,0,0,NA,-082° 59.681',+42° 25.813',-82.99468323,42.4302124
77,Escuela Avancemos,1,34046,0.4459747743511082,2,0,0,13472284.81048566,301935.6811456161,0,0,0,NA,-083° 4.583',+42° 19.271',-83.0763875,42.32117963
78,Cornerstone Schools Association,1,37412,0.62955501705106,1,0,0,13483822.77265137,340975.529344879,0,0,0,NA,-083° 1.886',+42° 25.668',-83.03143938,42.42780226
79,Cornerstone Jefferson-Douglass Academy,1,37412,0.62955501705106,1,0,0,13483822.77265137,340975.529344879,0,0,0,NA,-083° 1.886',+42° 25.668',-83.03143938,42.42780226
80,A.L. Holmes Academy of Blended Learning,1,7469,0.7441126289575355,1,0,0,13488464.97509357,329011.0022556335,0,0,0,NA,-083° 0.897',+42° 23.686',-83.01495815,42.39477133
81,Davison Elementary-Middle School,1,25145,0.4386579798430676,1,0,0,13473629.88611928,335243.7460466662,0,0,0,NA,-083° 4.171',+42° 24.751',-83.06951688,42.41251285
82,Detroit Academy of Arts and Sciences,1,32569,0.920289062407957,1,0,0,13487784.27525565,309361.9632161108,0,0,0,NA,-083° 1.119',+42° 20.453',-83.01864247,42.34088924
83,Detroit Academy of Arts and Sciences Middle School,1,32569,0.920289062407957,1,0,0,13487784.27525565,309361.9632161108,0,0,0,NA,-083° 1.119',+42° 20.453',-83.01864247,42.34088924
84,Thurgood Marshall Elementary School,1,16953,0.1536388868762517,1,0,0,13457859.95951689,332479.3239195484,0,0,0,NA,-083° 7.684',+42° 24.335',-83.12805934,42.40557951
85,Oakland International Academy - Elementary,1,21688,0.195358732169236,2,0,0,13481439.43822835,327640.9925538667,0,0,0,NA,-083° 2.463',+42° 23.479',-83.0410439,42.39131888
86,Capstone Academy Charter School-Riverbend,1,8961,0.5298631503216304,1,0,0,13506702.13748989,320429.1485592224,0,0,0,NA,-082° 56.879',+42° 22.224',-82.94798756,42.37040171
87,Earhart Elementary-Middle School,1,33973,0.6023465718604508,2,0,0,13468909.67757619,300094.4034030874,0,0,0,NA,-083° 5.338',+42° 18.976',-83.08896969,42.3162688
88,University of Detroit Jesuit,1,54137,0.8121357052839883,2,0,0,13450950.39356932,342326.3554590618,0,0,0,NA,-083° 9.187',+42° 25.972',-83.15311537,42.43287398
89,Edmonson Montessori,1,37614,0.2016067040792657,1,0,0,13472708.42296613,311994.447609674,0,0,0,NA,-083° 4.455',+42° 20.926',-83.07425035,42.34876085
90,University Preparatory Science and Math - Elementary,1,49604,0.122474271217903,1,0,0,13484112.96891499,312309.6022698699,0,0,0,NA,-083° 1.923',+42° 20.948',-83.0320477,42.34913733
91,Detroit Enterprise Academy,1,6119,0.7966984461588622,2,0,0,13500087.62628583,319676.4534025005,0,0,0,NA,-082° 58.35',+42° 22.118',-82.97250824,42.36863972
92,Mann Learning Community,1,7028,0.7683030042827181,1,0,0,13429178.11854095,318728.2921249252,0,0,0,NA,-083° 14.096',+42° 22.137',-83.23493512,42.36895691
93,Al-Ikhlas Training Academy,1,48391,0.4082854349735995,2,0,0,13475095.23408284,334412.1729179997,0,0,0,NA,-083° 3.848',+42° 24.61',-83.06413879,42.41016912
94,Foreign Language Immersion and Cultural Studies,1,43056,0.9590083909250515,1,0,0,13440805.13112016,337445.5820809978,0,0,0,NA,-083° 11.457',+42° 25.193',-83.19094573,42.41987701
95,Voyageur Academy,1,6443,0.5944827767715807,2,0,0,13460464.30231912,305904.9977512867,0,0,0,NA,-083° 7.192',+42° 19.954',-83.11987432,42.33255931
96,Western International High School,1,33985,0.6051103172645302,1,0,0,13468583.54074785,301186.9423053909,0,0,0,NA,-083° 5.407',+42° 19.157',-83.09011418,42.31928007
97,Growing Minds Academy,1,17679,0.2828477457186835,1,0,0,13506138.96662031,333295.3983811291,0,0,0,NA,-082° 56.956',+42° 24.344',-82.94926982,42.40572902
98,Warrendale Charter Academy,1,45953,0.2334260311384337,1,0,0,13430429.02337901,310994.8775839044,0,0,0,NA,-083° 13.842',+42° 20.861',-83.23069262,42.34769133
99,Detroit Merit Charter Academy,1,44254,0.0870052081641789,1,0,0,13508730.35624528,322548.7357921161,0,0,0,NA,-082° 56.421',+42° 22.567',-82.94035006,42.37612322
100,Mary McLeod Bethune Elementary-Middle School,1,40235,0.09257464799382925,2,0,0,13451707.16284421,333685.2696365382,0,0,0,NA,-083° 9.046',+42° 24.548',-83.15077459,42.4091345
101,Crockett Midtown High School of Science and Medicine,1,24234,0.3045751579390251,1,0,0,13478914.09662307,312586.515018146,0,0,0,NA,-083° 3.076',+42° 21.007',-83.05126194,42.35012163
102,Emerson Elementary-Middle School,1,12821,0.3716448906301762,2,0,0,13429711.53961185,338543.7612886147,0,0,0,NA,-083° 13.918',+42° 25.398',-83.23197311,42.42330792
103,Jerry L. White Center,1,44082,0.9896867847538604,1,0,0,13440140.98419188,337385.0509940375,0,0,0,NA,-083° 11.605',+42° 25.184',-83.19340833,42.41973635
104,Martin Luther King Jr. Senior High School,1,29123,0.3033209428912927,1,0,0,13488735.84689864,310000.6600264531,0,0,0,NA,-083° 0.905',+42° 20.556',-83.01508525,42.3425998
105,Detroit Lions Academy,1,23693,0.08241164815638671,2,0,0,13469948.0434648,312509.8677591843,0,0,0,NA,-083° 5.066',+42° 21.017',-83.08443175,42.35029086
106,Bow Elementary-Middle School,1,45918,0.3216303318714888,1,0,0,13437098.6273258,343616.5992971728,0,0,0,NA,-083° 12.261',+42° 26.217',-83.20435622,42.43695048
107,Chrysler Elementary School,1,29310,0.3568312078371847,1,0,0,13483872.20524758,308186.7739664541,0,0,0,NA,-083° 1.991',+42° 20.27',-83.03317982,42.33783576
108,Charlotte Mason Community School,1,49729,0.830984921426832,1,0,0,13462828.83086867,337280.601338277,0,0,0,NA,-083° 6.564',+42° 25.113',-83.10939756,42.41855115
109,Temple of Faith Day Care Kindergarten,1,7624,0.7622350620317396,2,0,0,13438512.91120616,317369.820801703,0,0,0,NA,-083° 12.028',+42° 21.893',-83.20046418,42.36487992
110,Universal Academy,1,7478,0.4308789282617502,2,0,0,13453423.88823734,304141.6157276646,0,0,0,NA,-083° 8.76',+42° 19.68',-83.14600438,42.32800402
111,Cesar Chavez Middle School,1,12752,0.5763571325244309,1,0,0,13461855.84603927,298186.9750109407,0,0,0,NA,-083° 6.909',+42° 18.68',-83.1151527,42.31132594
112,New Paradigm College Prep,1,16607,0.3062495959422059,1,0,0,13462964.25290948,306668.0732333427,0,0,0,NA,-083° 6.635',+42° 20.073',-83.11058744,42.33455108
113,Schulze Academy for Technology and Arts,1,45896,0.5974157622200822,2,0,0,13446905.1067112,337708.3148940715,0,0,0,NA,-083° 10.101',+42° 25.222',-83.16834247,42.42036192
114,Frontier International Academy,1,47372,0.09516712890275165,1,0,0,13476442.73497652,335117.9416263091,0,0,0,NA,-083° 3.547',+42° 24.723',-83.05910901,42.41204828
115,Golightly Education Center,1,30586,0.5947858923241437,1,0,0,13476421.05475762,317819.9846646306,0,0,0,NA,-083° 3.611',+42° 21.875',-83.06018325,42.36458758
116,ASA Higher Learning Preparatory,1,49426,0.8987213784508997,2,0,0,13453906.69503967,346490.4317579781,0,0,0,NA,-083° 8.516',+42° 26.651',-83.141941,42.44418194
117,Dove Academy of Detroit,1,37358,0.1979895040376269,1,0,0,13474497.74822139,346099.1892063877,0,0,0,NA,-083° 3.941',+42° 26.536',-83.0656823,42.44226095
118,Regent Park Scholars Charter Academy,1,53787,0.3061279801989955,1,0,0,13503729.45165056,344463.0259005809,0,0,0,NA,-082° 57.45',+42° 26.189',-82.95749829,42.43648076
119,Clippert Academy,1,37117,0.1326160147043398,1,0,0,13466488.92106412,301662.2755019341,0,0,0,NA,-083° 5.87',+42° 19.24',-83.0978319,42.32067117
120,Gompers Elementary-Middle School,1,11943,0.5914491976149073,2,0,0,13426178.07851592,327198.7404815922,0,0,0,NA,-083° 14.737',+42° 23.539',-83.24561859,42.39230874
121,W-A-Y Academy - Vernor Site,1,13615,0.7032633605835921,2,0,0,13457196.11443239,297293.49897299643,0,0,0,NA,-083° 7.946',+42° 18.544',-83.13242695,42.30906317
122,Bridge Academy West,1,23974,0.3017309233358533,2,0,0,13475751.91083734,333357.8173639342,0,0,0,NA,-083° 3.706',+42° 24.435',-83.06176792,42.40724831
123,Pulaski Elementary-Middle School,1,9310,0.738218172771547,2,0,0,13497180.09430065,344364.1188499333,0,0,0,NA,-082° 58.906',+42° 26.19',-82.98176352,42.43650758
124,Paul Robeson Malcolm X Academy,1,4538,0.7939804090294786,1,0,0,13457832.4160839,335726.2568787231,0,0,0,NA,-083° 7.679',+42° 24.869',-83.12798444,42.41448956
125,Detroit Prep,1,13732,0.4962375077701667,2,0,0,13491658.3895673,320546.4787183756,0,0,0,NA,-083° 0.219',+42° 22.284',-83.00364471,42.37140557
126,Nolan Elementary-Middle School,1,9686,0.3780928971734696,1,0,0,13467760.37366501,343936.4127739886,0,0,0,NA,-083° 5.446',+42° 26.197',-83.09076218,42.4366097
127,Bennett Elementary School,1,17125,0.7154908960364419,1,0,0,13457842.10914999,297437.8740281882,0,0,0,NA,-083° 7.802',+42° 18.566',-83.13003113,42.3094333
128,Carver STEM Academy,1,16550,0.6727943505374452,1,0,0,13432278.88060996,306576.6094721247,0,0,0,NA,-083° 13.444',+42° 20.13',-83.2240719,42.33549957
129,Pembroke Academy,1,25398,0.4863866975465281,1,0,0,13436642.5036409,343809.2135836105,0,0,0,NA,-083° 12.362',+42° 26.25',-83.20603598,42.43749624
130,Harms Elementary School,1,33748,0.766700669338411,1,0,0,13459083.51415133,299145.3663125595,0,0,0,NA,-083° 7.521',+42° 18.844',-83.12534905,42.3140682
131,Mark Twain Elementary-Middle School,1,32151,0.4960943114537782,1,0,0,13449571.74363237,282684.9113884893,0,0,0,NA,-083° 9.683',+42° 16.157',-83.16138454,42.269283
132,Hope of Detroit Academy - Middle/High,1,19474,0.5179566084503916,1,0,0,13461483.52047103,307012.4007690577,0,0,0,NA,-083° 6.963',+42° 20.133',-83.11604443,42.33555633
133,Al-Furqan Quran Academy,1,6108,0.6562981000585035,1,0,0,13452292.76511052,304377.8633209213,0,0,0,NA,-083° 9.01',+42° 19.722',-83.15017435,42.32869717
134,Barton Elementary School,1,6717,0.04128512913319432,1,0,0,13450970.14686206,315755.8929541346,0,0,0,NA,-083° 9.268',+42° 21.598',-83.1544593,42.35996875
135,Dossin Elementary-Middle School,1,44670,0.268383366784864,1,0,0,13435520.45411614,323857.2552963221,0,0,0,NA,-083° 12.672',+42° 22.968',-83.21120672,42.38279362
136,Mason Academy,1,31563,0.9674233549652184,2,0,0,13477709.33831493,346189.9597043331,0,0,0,NA,-083° 3.227',+42° 26.542',-83.05377988,42.44237321
137,Madison-Carver Academy,1,7377,0.6064655701467494,1,0,0,13421160.05774907,343359.7372368757,0,0,0,NA,-083° 15.805',+42° 26.21',-83.26340944,42.43683413
138,Communication and Media Arts High School,1,22543,0.918655638922198,2,0,0,13419901.18468095,342687.1960639005,0,0,0,NA,-083° 16.086',+42° 26.102',-83.26810515,42.43503394
139,Northwestern High School,1,40476,0.6169966234919346,1,0,0,13464757.21165407,315566.8679484045,0,0,0,NA,-083° 6.208',+42° 21.534',-83.10346312,42.35889395
140,Denby High School,1,44563,0.9785322070750017,1,0,0,13503277.7435259,340707.9574906164,0,0,0,NA,-082° 57.564',+42° 25.572',-82.95940395,42.42619865
141,The James and Grace Lee Boggs School,1,26585,0.850807535352526,1,0,0,13490507.68405619,317587.312514896,0,0,0,NA,-083° 0.485',+42° 21.8',-83.00807927,42.36333741
142,Joy Preparatory Academy,1,40146,0.3700348797670196,2,0,0,13455863.72140151,330939.5734148799,0,0,0,NA,-083° 8.132',+42° 24.086',-83.13553344,42.40143508
143,David Ellis Academy,1,45388,0.5010951704826525,2,0,0,13443583.94728105,341241.5251474306,0,0,0,NA,-083° 10.827',+42° 25.811',-83.18045714,42.43018547
144,Rutherford Winans Academy,1,46180,0.7143229794613332,2,0,0,13435848.9391795,338315.8605201191,0,0,0,NA,-083° 12.555',+42° 25.347',-83.20925531,42.42245335
145,Hope of Detroit Academy - Elementary,1,12935,0.2508356848802151,2,0,0,13461325.13815474,306744.1116343673,0,0,0,NA,-083° 6.999',+42° 20.09',-83.11664489,42.33482665
146,International Islamic Academy,1,3477,0.6685819829033255,2,0,0,13454613.32722817,304286.5906673555,0,0,0,NA,-083° 8.496',+42° 19.701',-83.14159835,42.3283544
147,Skills & Trade Preparatory High School,1,50306,0.7209352817462358,2,0,0,13486334.34815038,314587.3760171768,0,0,0,NA,-083° 1.422',+42° 21.317',-83.02369662,42.35529006
148,Cody High School,1,20825,0.5193040914540802,1,0,0,13433047.89337331,315350.6281675647,0,0,0,NA,-083° 13.247',+42° 21.573',-83.22078626,42.35954548
149,"Martin Luther King, Jr. Education Center Academy",1,53927,0.5355702806317625,2,0,0,13446199.43580828,335605.4822987554,0,0,0,NA,-083° 10.264',+42° 24.877',-83.17106632,42.41461965
150,Detroit Edison Public School Academy,1,50542,0.5761377318940941,2,0,0,13482693.98138198,313009.291465072,0,0,0,NA,-083° 2.235',+42° 21.067',-83.03725554,42.35111871
151,Nichols Elementary-Middle School,1,26579,0.6707888477212215,1,0,0,13493068.4806805,318791.082406789,0,0,0,NA,-082° 59.912',+42° 21.992',-82.99853263,42.36652646
152,Trix Academy,1,5608,0.596555573028081,2,0,0,13494686.67489455,347004.6571536736,0,0,0,NA,-082° 59.45',+42° 26.632',-82.99083946,42.44386468
153,University Preparatory Academy (PSAD) - High School,1,17484,0.1972610812578523,1,0,0,13472845.27041211,316959.656896314,0,0,0,NA,-083° 4.408',+42° 21.743',-83.07346204,42.36237852
154,Palmer Park Preparatory Academy,1,21883,0.02326637259511059,1,0,0,13454922.54367536,340626.3195016163,0,0,0,NA,-083° 8.31',+42° 25.683',-83.13849459,42.42805135
155,Munger Elementary-Middle School,1,24996,0.388336848044765,2,0,0,13457118.71818006,307680.0633351306,0,0,0,NA,-083° 7.929',+42° 20.254',-83.13215003,42.33756503
156,Carstens Elementary-Middle School,1,29613,0.5032393922817527,2,0,0,13506962.74136908,318057.6150806788,0,0,0,NA,-082° 56.83',+42° 21.833',-82.94717126,42.36388286
157,Voyageur College Prep,1,13280,0.9120545957242411,2,0,0,13460961.05444701,306147.5824667081,0,0,0,NA,-083° 7.081',+42° 19.992',-83.11802403,42.33320472
158,Henderson Academy,1,45536,0.5890723823132542,2,0,0,13437228.6816112,317486.2436087081,0,0,0,NA,-083° 12.313',+42° 21.915',-83.20520983,42.36524807
159,Academy of the Americas at Logan,1,11195,0.2973371401054772,1,0,0,13459667.67342814,304186.9402281382,0,0,0,NA,-083° 7.375',+42° 19.673',-83.12291411,42.32787763
160,Cooke STEM Academy,1,16568,0.3130237072832477,1,0,0,13431322.2142577,333250.7941824445,0,0,0,NA,-083° 13.576',+42° 24.524',-83.22627361,42.40872511
161,Barack Obama Leadership Academy,1,45872,0.8644231390309436,1,0,0,13496288.53279773,323908.7851045203,0,0,0,NA,-082° 59.178',+42° 22.825',-82.98630826,42.38042386
162,Mumford High School,1,27565,0.5208718145671392,1,0,0,13447985.89505889,337761.9891857618,0,0,0,NA,-083° 9.86',+42° 25.228',-83.16433723,42.42046691
163,Burns Elementary-Middle School,1,45907,0.7521955727095677,2,0,0,13441038.34152242,327872.8269695988,0,0,0,NA,-083° 11.435',+42° 23.616',-83.19057734,42.39360205
164,Bunche Preparatory Academy,1,15921,0.7581955472017252,2,0,0,13486328.34926071,310398.8543759478,0,0,0,NA,-083° 1.438',+42° 20.628',-83.02396593,42.34379805
165,Legacy Charter Academy,1,7068,0.8002400795419029,1,0,0,13477607.46781693,341567.049203466,0,0,0,NA,-083° 3.265',+42° 25.782',-83.05442419,42.42969339
166,University Preparatory Science and Math (PSAD) Middle School,1,20375,0.2855543670954989,1,0,0,13475826.71940995,315949.5966262245,0,0,0,NA,-083° 3.749',+42° 21.569',-83.06248941,42.35948095
167,Diann Banks-Williamson Educational Center,1,15379,1,2,0,0,13511816.06988189,333897.5698818862,0,0,0,NA,-082° 55.693',+42° 24.427',-82.928214,42.407117
168,East English Village Preparatory Academy at Finney,1,15379,1,2,0,0,13511816.06988189,333897.5698818862,0,0,0,NA,-082° 55.693',+42° 24.427',-82.928214,42.407117
169,Ann Arbor Trail Magnet School,1,9347,0.2261281555198535,1,0,0,13422098.10373513,310638.0995685545,0,0,0,NA,-083° 15.692',+42° 20.821',-83.2615258,42.34701664
170,Charles R. Drew Transition Center,1,48921,0.522627995982173,1,0,0,13449904.19026927,318414.2967835856,0,0,0,NA,-083° 9.496',+42° 22.038',-83.15826178,42.36730498
171,Most Holy Trinity School,1,48008,0.2495287415055636,2,0,0,13476272.10777786,305273.989806328,0,0,0,NA,-083° 3.687',+42° 19.81',-83.061454,42.33017056
172,Jalen Rose Leadership Academy,1,12899,0.2591644339872334,1,0,0,13439725.21167628,345285.4944928749,0,0,0,NA,-083° 11.672',+42° 26.486',-83.19454069,42.44142972
173,The School at Marygrove,1,12493,0.5211610514368461,1,0,0,13450798.97371086,335415.1106519261,0,0,0,NA,-083° 9.243',+42° 24.835',-83.15404495,42.4139168
174,Fisher Magnet Academy,1,7942,0.3412271001702474,2,0,0,13502788.4328926,346508.7502658789,0,0,0,NA,-082° 57.651',+42° 26.528',-82.96085733,42.4421368
175,Old Redford Academy - High,1,48526,0.762553752250964,1,0,0,13433620.19731671,337062.5275077604,0,0,0,NA,-083° 13.054',+42° 25.146',-83.21757254,42.41909818
176,Detroit School of Arts,1,12811,0.6016385984076539,2,0,0,13476255.67520173,312077.4381045393,0,0,0,NA,-083° 3.667',+42° 20.93',-83.06112462,42.34883838
177,Spain Elementary-Middle School,1,41822,0.7311269269160848,1,0,0,13478432.60053703,312768.7047452409,0,0,0,NA,-083° 3.182',+42° 21.039',-83.05303247,42.35064214
178,Detroit Achievement Academy,1,25358,0.3227440521733265,1,0,0,13438328.92252501,337328.739211352,0,0,0,NA,-083° 12.007',+42° 25.179',-83.20012167,42.41965093
179,DPSCD Virtual School,1,46516,0.5587889538603946,2,0,0,13470856.69442268,324190.4125220008,0,0,0,NA,-083° 4.825',+42° 22.938',-83.0804105,42.38230171
180,Frederick Douglass Academy for Young Men,1,46516,0.5587889538603946,2,0,0,13470856.69442268,324190.4125220008,0,0,0,NA,-083° 4.825',+42° 22.938',-83.0804105,42.38230171
181,Lincoln-King Adams-Young 6-8,1,27595,0.3365100779510755,1,0,0,13433201.20759934,336714.9651046545,0,0,0,NA,-083° 13.149',+42° 25.09',-83.21914168,42.4181602
182,Hutchinson Elementary-Middle School,1,21709,0.4920443298928807,2,0,0,13497385.28032669,320059.8634427332,0,0,0,NA,-082° 58.949',+42° 22.189',-82.98248369,42.36981404
183,Detroit Edison Public School Academy - High School,1,15229,0.1697843390965515,2,0,0,13482928.20072903,313633.2633886335,0,0,0,NA,-083° 2.181',+42° 21.169',-83.03635269,42.35282059
184,University Preparatory Academy (PSAD) - Elementary,1,2302,0.8762815939327565,1,0,0,13471798.53986711,316608.4975346195,0,0,0,NA,-083° 4.641',+42° 21.688',-83.07735455,42.36145907
185,Greenfield Union Elementary-Middle School,1,26949,0.7569015553438989,1,0,0,13463324.29370109,342447.7719089705,0,0,0,NA,-083° 6.437',+42° 25.963',-83.10727658,42.43270847
186,Detroit Community Schools - Elementary,1,29737,0.4525229906111364,2,0,0,13426013.91952408,322799.7264638946,0,0,0,NA,-083° 14.787',+42° 22.815',-83.24644291,42.38024446
187,Detroit Community Schools - High School,1,29737,0.4525229906111364,2,0,0,13426013.91952408,322799.7264638946,0,0,0,NA,-083° 14.787',+42° 22.815',-83.24644291,42.38024446
188,Covenant High School Central,1,18281,0.5344859336451075,2,0,0,13469052.94155138,307320.1287765711,0,0,0,NA,-083° 5.282',+42° 20.165',-83.08803432,42.33608869
189,University Preparatory Science and Math (PSAD) High School,1,26915,0.3923622252282001,1,0,0,13487272.78780504,308085.548754995,0,0,0,NA,-083° 1.237',+42° 20.245',-83.02060965,42.33740953
190,Covenant High School Southwest,1,21871,0.5845349096284663,1,0,0,13469690.30255405,301692.9488727658,0,0,0,NA,-083° 5.16',+42° 19.237',-83.08599382,42.32062232
191,Old Redford Academy - Middle School,1,46065,0.7038947495035669,2,0,0,13422183.7052366,335682.9306511991,0,0,0,NA,-083° 15.599',+42° 24.944',-83.2599914,42.41573317
192,Charles Wright Academy of Arts and Science,1,22544,0.9787899418901554,2,0,0,13419944.43483045,341702.9804838423,0,0,0,NA,-083° 16.08',+42° 25.94',-83.26799252,42.43233184
193,Carleton Elementary School,1,53831,0.1433153514426297,2,0,0,13507149.75993561,341086.5249330357,0,0,0,NA,-082° 56.702',+42° 25.624',-82.94504057,42.42705884
194,George Crockett Academy,1,26979,0.3286794862298296,1,0,0,13469355.85407038,312094.2719786265,0,0,0,NA,-083° 5.199',+42° 20.951',-83.08664565,42.34917529
195,Gesu Elementary School,1,13968,0.3011358412320393,1,0,0,13454874.6253214,336862.34742055263,0,0,0,NA,-083° 8.333',+42° 25.064',-83.13887537,42.41772566
196,Oakland International Academy - K-1,1,49805,0.5942758957044152,1,0,0,13481709.51839218,327469.784279903,0,0,0,NA,-083° 2.403',+42° 23.45',-83.04005421,42.39083745
197,Flagship Charter Academy,1,53978,0.2225333447403426,1,0,0,13440835.92396286,343349.2927544453,0,0,0,NA,-083° 11.432',+42° 26.164',-83.19052627,42.43607461
198,Bates Academy,1,21170,0.812218358158875,2,0,0,13448199.26698515,344460.7524240967,0,0,0,NA,-083° 9.792',+42° 26.33',-83.16319244,42.43883872
199,Hamilton Academy,1,45293,0.2808865272624806,2,0,0,13502625.38869037,330704.7100465147,0,0,0,NA,-082° 57.746',+42° 23.927',-82.96243784,42.39878247
200,School of Love,1,13550,0.4996230547840154,1,0,0,13431885.60216119,345238.776999559,0,0,0,NA,-083° 13.415',+42° 26.496',-83.22358496,42.44159732
201,J. E. Clark Preparatory Academy,1,17710,0.5867406454648362,2,0,0,13508486.49410066,329016.668784384,0,0,0,NA,-082° 56.451',+42° 23.633',-82.94084709,42.39388067
202,Central High School,1,37808,0.5157113335799697,2,0,0,13462445.48150373,324942.1128082873,0,0,0,NA,-083° 6.69',+42° 23.083',-83.11149835,42.38471257
203,Durfee Elementary-Middle School,1,37808,0.5157113335799697,2,0,0,13462445.48150373,324942.1128082873,0,0,0,NA,-083° 6.69',+42° 23.083',-83.11149835,42.38471257
